snr_db,method,mc_idx,seed,init_error,ber,rmse_tau_init,rmse_tau_final,improvement,success_rate
-5,matched_filter,0,950,0.3,0.32093915343284607,0.29559780583136175,0.13133820898551116,2.250661158619158,0.65234375
-5,adjoint_slice,0,950,0.3,0.3431132137775421,0.29559780583136175,0.29559780583136175,0.9999999996617025,0.2265625
-5,proposed_no_update,0,950,0.3,0.3429199457168579,0.29559780583136175,0.29559780583136175,0.9999999996617025,0.2265625
-5,proposed,0,950,0.3,0.3224792778491974,0.29559780583136175,0.14605539714518712,2.023874580513678,0.5546875
-5,oracle_sync,0,950,0.3,0.3173258602619171,0.29559780583136175,0.0,2955978058.313617,1.0
-5,matched_filter,1,1950,0.3,0.3214864134788513,0.3239449136748951,0.1750991544213702,1.8500655503471253,0.6015625
-5,adjoint_slice,1,1950,0.3,0.3467041254043579,0.3239449136748951,0.3239449136748951,0.9999999996913055,0.24609375
-5,proposed_no_update,1,1950,0.3,0.3469340205192566,0.3239449136748951,0.3239449136748951,0.9999999996913055,0.24609375
-5,proposed,1,1950,0.3,0.3249959349632263,0.3239449136748951,0.17986951781396773,1.8009995102663205,0.46484375
-5,oracle_sync,1,1950,0.3,0.3172953426837921,0.3239449136748951,0.0,3239449136.748951,1.0
-5,matched_filter,2,2950,0.3,0.3217976987361908,0.2886314961608856,0.10932942527360531,2.640016584506517,0.64453125
-5,adjoint_slice,2,2950,0.3,0.3428548276424408,0.2886314961608856,0.2886314961608856,0.9999999996535375,0.30078125
-5,proposed_no_update,2,2950,0.3,0.3430847227573395,0.2886314961608856,0.2886314961608856,0.9999999996535375,0.30078125
-5,proposed,2,2950,0.3,0.32400310039520264,0.2886314961608856,0.13570456373604806,2.1269107537871514,0.5703125
-5,oracle_sync,2,2950,0.3,0.3197571039199829,0.2886314961608856,0.0,2886314961.608856,1.0
-5,matched_filter,3,3950,0.3,0.3192891478538513,0.29378812361129686,0.13782956239650979,2.131532004382125,0.60546875
-5,adjoint_slice,3,3950,0.3,0.3392029106616974,0.29378812361129686,0.29378812361129686,0.9999999996596186,0.24609375
-5,proposed_no_update,3,3950,0.3,0.33914390206336975,0.29378812361129686,0.29378812361129686,0.9999999996596186,0.24609375
-5,proposed,3,3950,0.3,0.3199666440486908,0.29378812361129686,0.1399798099591315,2.0987892717327754,0.5625
-5,oracle_sync,3,3950,0.3,0.31559449434280396,0.29378812361129686,0.0,2937881236.1129684,1.0
-5,matched_filter,4,4950,0.3,0.32086387276649475,0.27708833280344936,0.11961218588747898,2.316556047495487,0.578125
-5,adjoint_slice,4,4950,0.3,0.33806154131889343,0.27708833280344936,0.27708833280344936,0.9999999996391042,0.22265625
-5,proposed_no_update,4,4950,0.3,0.3382365107536316,0.27708833280344936,0.27708833280344936,0.9999999996391042,0.22265625
-5,proposed,4,4950,0.3,0.32420045137405396,0.27708833280344936,0.16934859006152722,1.6362010013733113,0.55078125
-5,oracle_sync,4,4950,0.3,0.31798097491264343,0.27708833280344936,0.0,2770883328.0344934,1.0
-5,matched_filter,5,5950,0.3,0.3192504942417145,0.2746820026005391,0.1357800720546809,2.022992021153302,0.6171875
-5,adjoint_slice,5,5950,0.3,0.3375590145587921,0.2746820026005391,0.2746820026005391,0.9999999996359427,0.26953125
-5,proposed_no_update,5,5950,0.3,0.33754274249076843,0.2746820026005391,0.2746820026005391,0.9999999996359427,0.26953125
-5,proposed,5,5950,0.3,0.3200622797012329,0.2746820026005391,0.12831437743396337,2.140695437873545,0.65625
-5,oracle_sync,5,5950,0.3,0.31628623604774475,0.2746820026005391,0.0,2746820026.005391,1.0
-5,matched_filter,6,6950,0.3,0.3201497495174408,0.3018432601129016,0.20005934379128618,1.508768619559832,0.625
-5,adjoint_slice,6,6950,0.3,0.3418843746185303,0.3018432601129016,0.3018432601129016,0.9999999996687022,0.23828125
-5,proposed_no_update,6,6950,0.3,0.34203898906707764,0.3018432601129016,0.3018432601129016,0.9999999996687022,0.23828125
-5,proposed,6,6950,0.3,0.3214966058731079,0.3018432601129016,0.15299583875010628,1.9728854221233083,0.48046875
-5,oracle_sync,6,6950,0.3,0.3158833980560303,0.3018432601129016,0.0,3018432601.1290154,1.0
-5,matched_filter,7,7950,0.3,0.32135215401649475,0.2849730155457995,0.10719327376136747,2.6584971731934757,0.640625
-5,adjoint_slice,7,7950,0.3,0.3407043516635895,0.2849730155457995,0.2849730155457995,0.9999999996490896,0.30078125
-5,proposed_no_update,7,7950,0.3,0.3404296934604645,0.2849730155457995,0.2849730155457995,0.9999999996490896,0.30078125
-5,proposed,7,7950,0.3,0.32362470030784607,0.2849730155457995,0.14457033720474494,1.9711721011281504,0.60546875
-5,oracle_sync,7,7950,0.3,0.31845298409461975,0.2849730155457995,0.0,2849730155.457995,1.0
-5,matched_filter,8,8950,0.3,0.31928306818008423,0.31630668074597085,0.12454001860394436,2.539799528197381,0.62109375
-5,adjoint_slice,8,8950,0.3,0.3450724482536316,0.31630668074597085,0.31630668074597085,0.9999999996838511,0.24609375
-5,proposed_no_update,8,8950,0.3,0.34511110186576843,0.31630668074597085,0.31630668074597085,0.9999999996838511,0.24609375
-5,proposed,8,8950,0.3,0.32359009981155396,0.31630668074597085,0.17918702262642972,1.7652320794954324,0.515625
-5,oracle_sync,8,8950,0.3,0.3166341185569763,0.31630668074597085,0.0,3163066807.459708,1.0
-5,matched_filter,9,9950,0.3,0.32300010323524475,0.31434843759379033,0.19845657270843242,1.583965867924298,0.609375
-5,adjoint_slice,9,9950,0.3,0.3437337279319763,0.31434843759379033,0.31434843759379033,0.9999999996818817,0.26171875
-5,proposed_no_update,9,9950,0.3,0.34388023614883423,0.31434843759379033,0.31434843759379033,0.9999999996818817,0.26171875
-5,proposed,9,9950,0.3,0.32349449396133423,0.31434843759379033,0.16462061196994893,1.9095326741964764,0.5703125
-5,oracle_sync,9,9950,0.3,0.3176473081111908,0.31434843759379033,0.0,3143484375.9379034,1.0
0,matched_filter,0,1000,0.3,0.21145427227020264,0.2983291466607543,0.06514615137555034,4.579382509997059,0.87890625
0,adjoint_slice,0,1000,0.3,0.2501932978630066,0.2983291466607543,0.2983291466607543,0.9999999996647997,0.234375
0,proposed_no_update,0,1000,0.3,0.25035199522972107,0.2983291466607543,0.2983291466607543,0.9999999996647997,0.234375
0,proposed,0,1000,0.3,0.21206259727478027,0.2983291466607543,0.08082932518249611,3.6908528633401643,0.78515625
0,oracle_sync,0,1000,0.3,0.21011556684970856,0.2983291466607543,0.0,2983291466.6075425,1.0
0,matched_filter,1,2000,0.3,0.21619467437267303,0.30937910677802666,0.06976243940666199,4.434751837319026,0.8671875
0,adjoint_slice,1,2000,0.3,0.25543212890625,0.30937910677802666,0.30937910677802666,0.9999999996767719,0.2578125
0,proposed_no_update,1,2000,0.3,0.25477704405784607,0.30937910677802666,0.30937910677802666,0.9999999996767719,0.2578125
0,proposed,1,2000,0.3,0.21694336831569672,0.30937910677802666,0.0946523376473447,3.2685838949255723,0.81640625
0,oracle_sync,1,2000,0.3,0.21334229409694672,0.30937910677802666,0.0,3093791067.7802663,1.0
0,matched_filter,2,3000,0.3,0.21100668609142303,0.2891106370728558,0.07281361849355682,3.9705571932451496,0.8359375
0,adjoint_slice,2,3000,0.3,0.2457723170518875,0.2891106370728558,0.2891106370728558,0.9999999996541116,0.2734375
0,proposed_no_update,2,3000,0.3,0.24589641392230988,0.2891106370728558,0.2891106370728558,0.9999999996541116,0.2734375
0,proposed,2,3000,0.3,0.21360068023204803,0.2891106370728558,0.10923129268062906,2.646774836341828,0.83203125
0,oracle_sync,2,3000,0.3,0.2098083645105362,0.2891106370728558,0.0,2891106370.7285576,1.0
0,matched_filter,3,4000,0.3,0.22377727925777435,0.28605138623473214,0.06490568558864362,4.407185336688952,0.8515625
0,adjoint_slice,3,4000,0.3,0.25712689757347107,0.28605138623473214,0.28605138623473214,0.9999999996504124,0.2109375
0,proposed_no_update,3,4000,0.3,0.25803428888320923,0.28605138623473214,0.28605138623473214,0.9999999996504124,0.2109375
0,proposed,3,4000,0.3,0.2257222682237625,0.28605138623473214,0.07591911633130614,3.767843985560078,0.83984375
0,oracle_sync,3,4000,0.3,0.22389528155326843,0.28605138623473214,0.0,2860513862.3473215,1.0
0,matched_filter,4,5000,0.3,0.20976564288139343,0.3136009387427051,0.06713886194404547,4.670930206367987,0.8671875
0,adjoint_slice,4,5000,0.3,0.25354209542274475,0.3136009387427051,0.3136009387427051,0.9999999996811234,0.265625
0,proposed_no_update,4,5000,0.3,0.25363364815711975,0.3136009387427051,0.3136009387427051,0.9999999996811234,0.265625
0,proposed,4,5000,0.3,0.2112528532743454,0.3136009387427051,0.08442258835948452,3.7146567579268934,0.7890625
0,oracle_sync,4,5000,0.3,0.20850017666816711,0.3136009387427051,0.0,3136009387.427051,1.0
0,matched_filter,5,6000,0.3,0.21159669756889343,0.29324891167029393,0.06469941198167199,4.532481860887965,0.8828125
0,adjoint_slice,5,6000,0.3,0.24823813140392303,0.29324891167029393,0.29324891167029393,0.9999999996589928,0.28515625
0,proposed_no_update,5,6000,0.3,0.24837037920951843,0.29324891167029393,0.29324891167029393,0.9999999996589928,0.28515625
0,proposed,5,6000,0.3,0.21244508028030396,0.29324891167029393,0.07841623963856978,3.7396451633991914,0.86328125
0,oracle_sync,5,6000,0.3,0.21031291782855988,0.29324891167029393,0.0,2932489116.702939,1.0
0,matched_filter,6,7000,0.3,0.21361695230007172,0.3044155223475018,0.07126802224262924,4.271418124723443,0.8359375
0,adjoint_slice,6,7000,0.3,0.2520792782306671,0.3044155223475018,0.3044155223475018,0.9999999996715017,0.2109375
0,proposed_no_update,6,7000,0.3,0.2516540586948395,0.3044155223475018,0.3044155223475018,0.9999999996715017,0.2109375
0,proposed,6,7000,0.3,0.2164205014705658,0.3044155223475018,0.13893520859167652,2.191061036393283,0.81640625
0,oracle_sync,6,7000,0.3,0.21116945147514343,0.3044155223475018,0.0,3044155223.475018,1.0
0,matched_filter,7,8000,0.3,0.2085673063993454,0.305659828099226,0.06688692362257341,4.569799462851811,0.87109375
0,adjoint_slice,7,8000,0.3,0.25019532442092896,0.305659828099226,0.305659828099226,0.9999999996728389,0.265625
0,proposed_no_update,7,8000,0.3,0.2501363158226013,0.305659828099226,0.305659828099226,0.9999999996728389,0.265625
0,proposed,7,8000,0.3,0.20953573286533356,0.305659828099226,0.08162381885538976,3.744738141525572,0.82421875
0,oracle_sync,7,8000,0.3,0.20709839463233948,0.305659828099226,0.0,3056598280.9922595,1.0
0,matched_filter,8,9000,0.3,0.2154846340417862,0.3091101624682385,0.0649690846682889,4.7578038627244705,0.875
0,adjoint_slice,8,9000,0.3,0.25550132989883423,0.3091101624682385,0.3091101624682385,0.9999999996764907,0.25390625
0,proposed_no_update,8,9000,0.3,0.2560628354549408,0.3091101624682385,0.3091101624682385,0.9999999996764907,0.25390625
0,proposed,8,9000,0.3,0.21791179478168488,0.3091101624682385,0.1111310591710121,2.7814920913731287,0.84375
0,oracle_sync,8,9000,0.3,0.21523235738277435,0.3091101624682385,0.0,3091101624.682385,1.0
0,matched_filter,9,10000,0.3,0.2194315642118454,0.29138727840838224,0.06625381956826412,4.398044971103124,0.90625
0,adjoint_slice,9,10000,0.3,0.25537925958633423,0.29138727840838224,0.29138727840838224,0.9999999996568141,0.26171875
0,proposed_no_update,9,10000,0.3,0.25605878233909607,0.29138727840838224,0.29138727840838224,0.9999999996568141,0.26171875
0,proposed,9,10000,0.3,0.22207438945770264,0.29138727840838224,0.09037677431061893,3.2241389484038208,0.828125
0,oracle_sync,9,10000,0.3,0.21891683340072632,0.29138727840838224,0.0,2913872784.0838223,1.0
5,matched_filter,0,1050,0.3,0.15833130478858948,0.28715443559830306,0.04324730821465803,6.639822148213934,0.984375
5,adjoint_slice,0,1050,0.3,0.20088502764701843,0.28715443559830306,0.28715443559830306,0.9999999996517553,0.2578125
5,proposed_no_update,0,1050,0.3,0.19929403066635132,0.28715443559830306,0.28715443559830306,0.9999999996517553,0.2578125
5,proposed,0,1050,0.3,0.15603435039520264,0.28715443559830306,0.03590030467772929,7.9986628909189355,0.984375
5,oracle_sync,0,1050,0.3,0.15552368760108948,0.28715443559830306,0.0,2871544355.9830303,1.0
5,matched_filter,1,2050,0.3,0.11949259787797928,0.303643402680808,0.04612128689708693,6.5835847707369135,0.96875
5,adjoint_slice,1,2050,0.3,0.17591756582260132,0.303643402680808,0.303643402680808,0.9999999996706663,0.2734375
5,proposed_no_update,1,2050,0.3,0.17626139521598816,0.303643402680808,0.303643402680808,0.9999999996706663,0.2734375
5,proposed,1,2050,0.3,0.12140706926584244,0.303643402680808,0.09749062865011611,3.11459066962317,0.9453125
5,oracle_sync,1,2050,0.3,0.11894531548023224,0.303643402680808,0.0,3036434026.8080797,1.0
5,matched_filter,2,3050,0.3,0.12057902663946152,0.31516541658300745,0.04413536670570131,7.140881324731509,0.9921875
5,adjoint_slice,2,3050,0.3,0.18066000938415527,0.31516541658300745,0.31516541658300745,0.9999999996827063,0.25
5,proposed_no_update,2,3050,0.3,0.18061524629592896,0.31516541658300745,0.31516541658300745,0.9999999996827063,0.25
5,proposed,2,3050,0.3,0.12090658396482468,0.31516541658300745,0.05588900012224771,5.639131409216901,0.94921875
5,oracle_sync,2,3050,0.3,0.11920980364084244,0.31516541658300745,0.0,3151654165.8300743,1.0
5,matched_filter,3,4050,0.3,0.14861653745174408,0.29786715013557147,0.04469144761301106,6.664969818125922,0.9765625
5,adjoint_slice,3,4050,0.3,0.19936728477478027,0.29786715013557147,0.29786715013557147,0.9999999996642799,0.2890625
5,proposed_no_update,3,4050,0.3,0.20075073838233948,0.29786715013557147,0.29786715013557147,0.9999999996642799,0.2890625
5,proposed,3,4050,0.3,0.1517130583524704,0.29786715013557147,0.056503419084335316,5.271665935185573,0.97265625
5,oracle_sync,3,4050,0.3,0.1496277004480362,0.29786715013557147,0.0,2978671501.355715,1.0
5,matched_filter,4,5050,0.3,0.11961466819047928,0.30481610939315273,0.044419023689948926,6.862287447706721,0.96875
5,adjoint_slice,4,5050,0.3,0.17511597275733948,0.30481610939315273,0.30481610939315273,0.9999999996719333,0.2421875
5,proposed_no_update,4,5050,0.3,0.17499594390392303,0.30481610939315273,0.30481610939315273,0.9999999996719333,0.2421875
5,proposed,4,5050,0.3,0.11944987624883652,0.30481610939315273,0.04627965035799148,6.586396102317961,0.95703125
5,oracle_sync,4,5050,0.3,0.11846517771482468,0.30481610939315273,0.0,3048161093.931527,1.0
5,matched_filter,5,6050,0.3,0.13098552823066711,0.2990843069238652,0.04409642731620586,6.782506530539225,0.96875
5,adjoint_slice,5,6050,0.3,0.18320517241954803,0.2990843069238652,0.2990843069238652,0.9999999996656461,0.2890625
5,proposed_no_update,5,6050,0.3,0.18252971768379211,0.2990843069238652,0.2990843069238652,0.9999999996656461,0.2890625
5,proposed,5,6050,0.3,0.13031210005283356,0.2990843069238652,0.045960190660999614,6.507464437629332,0.95703125
5,oracle_sync,5,6050,0.3,0.12961630523204803,0.2990843069238652,0.0,2990843069.2386518,1.0
5,matched_filter,6,7050,0.3,0.11955363303422928,0.2885396436330411,0.04460364753294864,6.468969668298996,0.96484375
5,adjoint_slice,6,7050,0.3,0.17046713829040527,0.2885396436330411,0.2885396436330411,0.9999999996534271,0.2734375
5,proposed_no_update,6,7050,0.3,0.1705118864774704,0.2885396436330411,0.2885396436330411,0.9999999996534271,0.2734375
5,proposed,6,7050,0.3,0.11972453445196152,0.2885396436330411,0.04628765955790819,6.233619192793742,0.9609375
5,oracle_sync,6,7050,0.3,0.1184488981962204,0.2885396436330411,0.0,2885396436.3304105,1.0
5,matched_filter,7,8050,0.3,0.13759562373161316,0.296339164019762,0.04621171391952698,6.412641692851785,0.96875
5,adjoint_slice,7,8050,0.3,0.18723958730697632,0.296339164019762,0.296339164019762,0.9999999996625488,0.3203125
5,proposed_no_update,7,8050,0.3,0.18624065816402435,0.296339164019762,0.296339164019762,0.9999999996625488,0.3203125
5,proposed,7,8050,0.3,0.1362203061580658,0.296339164019762,0.04593606492868967,6.451122094038343,0.96484375
5,oracle_sync,7,8050,0.3,0.13502605259418488,0.296339164019762,0.0,2963391640.19762,1.0
5,matched_filter,8,9050,0.3,0.16670329868793488,0.30909354876878914,0.04409989452509002,7.008940755902275,0.95703125
5,adjoint_slice,8,9050,0.3,0.21443074941635132,0.30909354876878914,0.30909354876878914,0.9999999996764734,0.2578125
5,proposed_no_update,8,9050,0.3,0.21621094644069672,0.30909354876878914,0.30909354876878914,0.9999999996764734,0.2578125
5,proposed,8,9050,0.3,0.17114868760108948,0.30909354876878914,0.07679658326815357,4.024834637330569,0.953125
5,oracle_sync,8,9050,0.3,0.1684061735868454,0.30909354876878914,0.0,3090935487.6878915,1.0
5,matched_filter,9,10050,0.3,0.15712077915668488,0.29547463040933547,0.04550909412114677,6.492650215658146,0.96875
5,adjoint_slice,9,10050,0.3,0.20372925698757172,0.29547463040933547,0.29547463040933547,0.9999999996615614,0.26171875
5,proposed_no_update,9,10050,0.3,0.20217286050319672,0.29547463040933547,0.29547463040933547,0.9999999996615614,0.26171875
5,proposed,9,10050,0.3,0.15645548701286316,0.29547463040933547,0.05968554784333052,4.950522204971277,0.95703125
5,oracle_sync,9,10050,0.3,0.15436401963233948,0.29547463040933547,0.0,2954746304.0933547,1.0
10,matched_filter,0,1100,0.3,0.1001078337430954,0.30299382558865473,0.03515299440529222,8.619289191509404,0.99609375
10,adjoint_slice,0,1100,0.3,0.16008707880973816,0.30299382558865473,0.30299382558865473,0.9999999996699602,0.2734375
10,proposed_no_update,0,1100,0.3,0.15952353179454803,0.30299382558865473,0.30299382558865473,0.9999999996699602,0.2734375
10,proposed,0,1100,0.3,0.10069173574447632,0.30299382558865473,0.07385275314762685,4.102674744876773,0.9765625
10,oracle_sync,0,1100,0.3,0.09890341013669968,0.30299382558865473,0.0,3029938255.886547,1.0
10,matched_filter,1,2100,0.3,0.09667358547449112,0.3254719137568978,0.03649966526687405,8.917120485501378,0.98828125
10,adjoint_slice,1,2100,0.3,0.16776937246322632,0.3254719137568978,0.3254719137568978,0.9999999996927538,0.234375
10,proposed_no_update,1,2100,0.3,0.16803589463233948,0.3254719137568978,0.3254719137568978,0.9999999996927538,0.234375
10,proposed,1,2100,0.3,0.09806722402572632,0.3254719137568978,0.04651676895640372,6.996872748454394,0.97265625
10,oracle_sync,1,2100,0.3,0.09619548171758652,0.3254719137568978,0.0,3254719137.5689783,1.0
10,matched_filter,2,3100,0.3,0.09629517048597336,0.2768033384590786,0.03543174217196069,7.8122982588448675,0.98828125
10,adjoint_slice,2,3100,0.3,0.14742635190486908,0.2768033384590786,0.2768033384590786,0.9999999996387327,0.265625
10,proposed_no_update,2,3100,0.3,0.14781087636947632,0.2768033384590786,0.2768033384590786,0.9999999996387327,0.265625
10,proposed,2,3100,0.3,0.09650065749883652,0.2768033384590786,0.0371701673749372,7.446922014696848,0.984375
10,oracle_sync,2,3100,0.3,0.0959065780043602,0.2768033384590786,0.0,2768033384.590786,1.0
10,matched_filter,3,4100,0.3,0.10730591416358948,0.31421396073960034,0.039496366018609536,7.955515699748182,0.984375
10,adjoint_slice,3,4100,0.3,0.17214763164520264,0.31421396073960034,0.31421396073960034,0.9999999996817455,0.2734375
10,proposed_no_update,3,4100,0.3,0.17340496182441711,0.31421396073960034,0.31421396073960034,0.9999999996817455,0.2734375
10,proposed,3,4100,0.3,0.11020711809396744,0.31421396073960034,0.08917516995414153,3.523558862280044,0.96875
10,oracle_sync,3,4100,0.3,0.10831096023321152,0.31421396073960034,0.0,3142139607.3960032,1.0
10,matched_filter,4,5100,0.3,0.09292806684970856,0.3120561018763427,0.03817328709957914,8.174724388938218,0.98828125
10,adjoint_slice,4,5100,0.3,0.1578674465417862,0.3120561018763427,0.3120561018763427,0.9999999996795448,0.296875
10,proposed_no_update,4,5100,0.3,0.15828858315944672,0.3120561018763427,0.3120561018763427,0.9999999996795448,0.296875
10,proposed,4,5100,0.3,0.09588216990232468,0.3120561018763427,0.09911141208494985,3.1485385486589674,0.96875
10,oracle_sync,4,5100,0.3,0.09280803054571152,0.3120561018763427,0.0,3120561018.763427,1.0
10,matched_filter,5,6100,0.3,0.09665527939796448,0.28313565085385023,0.0365531060342314,7.745871166573672,0.9921875
10,adjoint_slice,5,6100,0.3,0.1504414975643158,0.28313565085385023,0.28313565085385023,0.9999999996468124,0.2734375
10,proposed_no_update,5,6100,0.3,0.15006715059280396,0.28313565085385023,0.28313565085385023,0.9999999996468124,0.2734375
10,proposed,5,6100,0.3,0.09601441025733948,0.28313565085385023,0.03128888328348161,9.049081342523284,0.984375
10,oracle_sync,5,6100,0.3,0.09529012441635132,0.28313565085385023,0.0,2831356508.538502,1.0
10,matched_filter,6,7100,0.3,0.10315755754709244,0.286661995697063,0.03467917785012765,8.266112769723478,1.0
10,adjoint_slice,6,7100,0.3,0.15663249790668488,0.286661995697063,0.286661995697063,0.999999999651157,0.23828125
10,proposed_no_update,6,7100,0.3,0.15593262016773224,0.286661995697063,0.286661995697063,0.999999999651157,0.23828125
10,proposed,6,7100,0.3,0.10199178755283356,0.286661995697063,0.026730038790791857,10.724338893341987,0.9921875
10,oracle_sync,6,7100,0.3,0.10167236626148224,0.286661995697063,0.0,2866619956.97063,1.0
10,matched_filter,7,8100,0.3,0.0910542830824852,0.3106907542763206,0.0348477768276122,8.915654933217267,0.9921875
10,adjoint_slice,7,8100,0.3,0.15464071929454803,0.3106907542763206,0.3106907542763206,0.9999999996781365,0.21484375
10,proposed_no_update,7,8100,0.3,0.15461020171642303,0.3106907542763206,0.3106907542763206,0.9999999996781365,0.21484375
10,proposed,7,8100,0.3,0.09280192852020264,0.3106907542763206,0.07551965039333725,4.114038561443441,0.9765625
10,oracle_sync,7,8100,0.3,0.08977864682674408,0.3106907542763206,0.0,3106907542.763206,1.0
10,matched_filter,8,9100,0.3,0.09568888694047928,0.3069302431357254,0.03489545566885441,8.7957081050557,0.99609375
10,adjoint_slice,8,9100,0.3,0.16176961362361908,0.3069302431357254,0.3069302431357254,0.9999999996741931,0.265625
10,proposed_no_update,8,9100,0.3,0.16228842735290527,0.3069302431357254,0.3069302431357254,0.9999999996741931,0.265625
10,proposed,8,9100,0.3,0.09605509787797928,0.3069302431357254,0.030265507228107908,10.141255516000419,0.98828125
10,oracle_sync,8,9100,0.3,0.09596354514360428,0.3069302431357254,0.0,3069302431.357254,1.0
10,matched_filter,9,10100,0.3,0.10277099907398224,0.309342267097845,0.03668975014652846,8.431299341622381,0.98828125
10,adjoint_slice,9,10100,0.3,0.16778768599033356,0.309342267097845,0.309342267097845,0.9999999996767335,0.24609375
10,proposed_no_update,9,10100,0.3,0.16915690898895264,0.309342267097845,0.309342267097845,0.9999999996767335,0.24609375
10,proposed,9,10100,0.3,0.10410156846046448,0.309342267097845,0.030368940588188606,10.18613952570817,0.98828125
10,oracle_sync,9,10100,0.3,0.10357056558132172,0.309342267097845,0.0,3093422670.97845,1.0
15,matched_filter,0,1150,0.3,0.09235026687383652,0.317959835509285,0.03438375545404818,9.247385295346247,0.984375
15,adjoint_slice,0,1150,0.3,0.16071778535842896,0.317959835509285,0.317959835509285,0.9999999996854948,0.2578125
15,proposed_no_update,0,1150,0.3,0.16180624067783356,0.317959835509285,0.317959835509285,0.9999999996854948,0.2578125
15,proposed,0,1150,0.3,0.09590454399585724,0.317959835509285,0.09116779042046919,3.4876334470110475,0.984375
15,oracle_sync,0,1150,0.3,0.09304606914520264,0.317959835509285,0.0,3179598355.09285,1.0
15,matched_filter,1,2150,0.3,0.127960205078125,0.3009111154242014,0.03460572164014498,8.695415101691815,0.98828125
15,adjoint_slice,1,2150,0.3,0.1813151091337204,0.3009111154242014,0.3009111154242014,0.9999999996676759,0.3046875
15,proposed_no_update,1,2150,0.3,0.18313193321228027,0.3009111154242014,0.3009111154242014,0.9999999996676759,0.3046875
15,proposed,1,2150,0.3,0.13048096001148224,0.3009111154242014,0.03881215645021718,7.753011998569751,0.9765625
15,oracle_sync,1,2150,0.3,0.12988892197608948,0.3009111154242014,0.0,3009111154.242014,1.0
15,matched_filter,2,3150,0.3,0.12036743760108948,0.30530595045099285,0.03347578277565344,9.120203449313157,0.99609375
15,adjoint_slice,2,3150,0.3,0.17463786900043488,0.30530595045099285,0.30530595045099285,0.9999999996724597,0.2578125
15,proposed_no_update,2,3150,0.3,0.17348837852478027,0.30530595045099285,0.30530595045099285,0.9999999996724597,0.2578125
15,proposed,2,3150,0.3,0.12069296091794968,0.30530595045099285,0.056405532521592625,5.412695107396584,0.98046875
15,oracle_sync,2,3150,0.3,0.11830241233110428,0.30530595045099285,0.0,3053059504.509928,1.0
15,matched_filter,3,4150,0.3,0.11686808615922928,0.2909270312328301,0.03219861483486936,9.035389622234087,0.99609375
15,adjoint_slice,3,4150,0.3,0.17155355215072632,0.2909270312328301,0.2909270312328301,0.9999999996562712,0.296875
15,proposed_no_update,3,4150,0.3,0.1728515774011612,0.2909270312328301,0.2909270312328301,0.9999999996562712,0.296875
15,proposed,3,4150,0.3,0.11843262612819672,0.2909270312328301,0.02608584329981209,11.152678745089982,0.984375
15,oracle_sync,3,4150,0.3,0.11819865554571152,0.2909270312328301,0.0,2909270312.328301,1.0
15,matched_filter,4,5150,0.3,0.10482585430145264,0.2940678874512671,0.03550367082857443,8.282745974151995,0.9921875
15,adjoint_slice,4,5150,0.3,0.16075846552848816,0.2940678874512671,0.2940678874512671,0.9999999996599425,0.2421875
15,proposed_no_update,4,5150,0.3,0.1609700620174408,0.2940678874512671,0.2940678874512671,0.9999999996599425,0.2421875
15,proposed,4,5150,0.3,0.10496826469898224,0.2940678874512671,0.0271474853961229,10.832232970278767,0.99609375
15,oracle_sync,4,5150,0.3,0.1045634001493454,0.2940678874512671,0.0,2940678874.512671,1.0
15,matched_filter,5,6150,0.3,0.11130575090646744,0.3033371319786166,0.03269069741400358,9.279004580696919,0.9921875
15,adjoint_slice,5,6150,0.3,0.16892090439796448,0.3033371319786166,0.3033371319786166,0.9999999996703338,0.265625
15,proposed_no_update,5,6150,0.3,0.16832073032855988,0.3033371319786166,0.3033371319786166,0.9999999996703338,0.265625
15,proposed,5,6150,0.3,0.1105550155043602,0.3033371319786166,0.031161979343620496,9.734206151038201,0.96875
15,oracle_sync,5,6150,0.3,0.10979004204273224,0.3033371319786166,0.0,3033371319.786166,1.0
15,matched_filter,6,7150,0.3,0.10602417588233948,0.311588908054596,0.03055953428663445,10.196127470805733,0.9921875
15,adjoint_slice,6,7150,0.3,0.17045289278030396,0.311588908054596,0.311588908054596,0.9999999996790643,0.2578125
15,proposed_no_update,6,7150,0.3,0.16989339888095856,0.311588908054596,0.311588908054596,0.9999999996790643,0.2578125
15,proposed,6,7150,0.3,0.1049804762005806,0.311588908054596,0.0261547663595313,11.913274337077745,0.98828125
15,oracle_sync,6,7150,0.3,0.10439249873161316,0.311588908054596,0.0,3115889080.54596,1.0
15,matched_filter,7,8150,0.3,0.10617269575595856,0.3115666707451389,0.034685868228723576,8.982524750205796,0.984375
15,adjoint_slice,7,8150,0.3,0.16616007685661316,0.3115666707451389,0.3115666707451389,0.9999999996790414,0.2109375
15,proposed_no_update,7,8150,0.3,0.16712647676467896,0.3115666707451389,0.3115666707451389,0.9999999996790414,0.2109375
15,proposed,7,8150,0.3,0.10686442255973816,0.3115666707451389,0.027703322294149315,11.246545317284358,0.99609375
15,oracle_sync,7,8150,0.3,0.10677286982536316,0.3115666707451389,0.0,3115666707.451389,1.0
15,matched_filter,8,9150,0.3,0.1088053435087204,0.3076419098766513,0.034304595093453634,8.967950449255229,0.9921875
15,adjoint_slice,8,9150,0.3,0.16792400181293488,0.3076419098766513,0.3076419098766513,0.9999999996749467,0.22265625
15,proposed_no_update,8,9150,0.3,0.16935425996780396,0.3076419098766513,0.3076419098766513,0.9999999996749467,0.22265625
15,proposed,8,9150,0.3,0.11190389841794968,0.3076419098766513,0.04629903902976558,6.644671588418966,0.984375
15,oracle_sync,8,9150,0.3,0.11026611924171448,0.3076419098766513,0.0,3076419098.766513,1.0
15,matched_filter,9,10150,0.3,0.10997314751148224,0.2891499654008331,0.034853473148205805,8.296159276341792,0.9921875
15,adjoint_slice,9,10150,0.3,0.16053061187267303,0.2891499654008331,0.2891499654008331,0.9999999996541586,0.3046875
15,proposed_no_update,9,10150,0.3,0.1598612517118454,0.2891499654008331,0.2891499654008331,0.9999999996541586,0.3046875
15,proposed,9,10150,0.3,0.11030477285385132,0.2891499654008331,0.08361290138499779,3.4581979606665576,0.98046875
15,oracle_sync,9,10150,0.3,0.10854696482419968,0.2891499654008331,0.0,2891499654.008331,1.0
20,matched_filter,0,1200,0.3,0.12067261338233948,0.3160135675974447,0.03504284887238941,9.017918829785636,0.984375
20,adjoint_slice,0,1200,0.3,0.1801452785730362,0.3160135675974447,0.3160135675974447,0.9999999996835579,0.26171875
20,proposed_no_update,0,1200,0.3,0.17990520596504211,0.3160135675974447,0.3160135675974447,0.9999999996835579,0.26171875
20,proposed,0,1200,0.3,0.12029623240232468,0.3160135675974447,0.025264474113355487,12.508218652355383,0.98828125
20,oracle_sync,0,1200,0.3,0.12012533098459244,0.3160135675974447,0.0,3160135675.974447,1.0
20,matched_filter,1,2200,0.3,0.1159668043255806,0.31429241340856573,0.032373560015091576,9.708305552161132,0.9921875
20,adjoint_slice,1,2200,0.3,0.17234905064105988,0.31429241340856573,0.31429241340856573,0.999999999681825,0.2578125
20,proposed_no_update,1,2200,0.3,0.17192994058132172,0.31429241340856573,0.31429241340856573,0.999999999681825,0.2578125
20,proposed,1,2200,0.3,0.11541545391082764,0.31429241340856573,0.03337610832829527,9.416688410027994,0.984375
20,oracle_sync,1,2200,0.3,0.11496582627296448,0.31429241340856573,0.0,3142924134.085657,1.0
20,matched_filter,2,3200,0.3,0.10802409052848816,0.29181859119517833,0.032563898569762606,8.9614144225964,0.9921875
20,adjoint_slice,2,3200,0.3,0.1601562649011612,0.29181859119517833,0.29181859119517833,0.9999999996573213,0.2265625
20,proposed_no_update,2,3200,0.3,0.15961915254592896,0.29181859119517833,0.29181859119517833,0.9999999996573213,0.2265625
20,proposed,2,3200,0.3,0.1069742888212204,0.29181859119517833,0.02539771350712553,11.489955186883684,0.984375
20,oracle_sync,2,3200,0.3,0.10654907673597336,0.29181859119517833,0.0,2918185911.951783,1.0
20,matched_filter,3,4200,0.3,0.09863485395908356,0.31008164625474927,0.032742474495363785,9.470317991745672,0.9921875
20,adjoint_slice,3,4200,0.3,0.1629842221736908,0.31008164625474927,0.31008164625474927,0.9999999996775043,0.26953125
20,proposed_no_update,3,4200,0.3,0.16368001699447632,0.31008164625474927,0.31008164625474927,0.9999999996775043,0.26953125
20,proposed,3,4200,0.3,0.09909668564796448,0.31008164625474927,0.026884785640228635,11.533722055696481,0.984375
20,oracle_sync,3,4200,0.3,0.09864909201860428,0.31008164625474927,0.0,3100816462.5474925,1.0
20,matched_filter,4,5200,0.3,0.1165364608168602,0.283032180037806,0.032127715323180046,8.809595587789575,0.9921875
20,adjoint_slice,4,5200,0.3,0.16324260830879211,0.283032180037806,0.283032180037806,0.9999999996466833,0.26171875
20,proposed_no_update,4,5200,0.3,0.16273804008960724,0.283032180037806,0.283032180037806,0.9999999996466833,0.26171875
20,proposed,4,5200,0.3,0.11567586660385132,0.283032180037806,0.02204461204363653,12.839063721949264,0.9921875
20,oracle_sync,4,5200,0.3,0.11539917439222336,0.283032180037806,0.0,2830321800.37806,1.0
20,matched_filter,5,6200,0.3,0.1195271909236908,0.30780701630483925,0.03135429210926751,9.817061544570906,0.9921875
20,adjoint_slice,5,6200,0.3,0.17445272207260132,0.30780701630483925,0.30780701630483925,0.9999999996751211,0.1953125
20,proposed_no_update,5,6200,0.3,0.17505086958408356,0.30780701630483925,0.30780701630483925,0.9999999996751211,0.1953125
20,proposed,5,6200,0.3,0.12156372517347336,0.30780701630483925,0.07928152416613822,3.8824558326044465,0.9921875
20,oracle_sync,5,6200,0.3,0.1200154721736908,0.30780701630483925,0.0,3078070163.0483923,1.0
20,matched_filter,6,7200,0.3,0.11054891347885132,0.31296572198633327,0.03416646381547525,9.160026708077904,0.98046875
20,adjoint_slice,6,7200,0.3,0.17265422642230988,0.31296572198633327,0.31296572198633327,0.9999999996804761,0.25
20,proposed_no_update,6,7200,0.3,0.17168375849723816,0.31296572198633327,0.31296572198633327,0.9999999996804761,0.25
20,proposed,6,7200,0.3,0.1095377653837204,0.31296572198633327,0.02741299191766117,11.416693288521774,0.98828125
20,oracle_sync,6,7200,0.3,0.10912679880857468,0.31296572198633327,0.0,3129657219.8633327,1.0
20,matched_filter,7,8200,0.3,0.1039123609662056,0.311720410336455,0.03524693868492518,8.843900238785423,0.9921875
20,adjoint_slice,7,8200,0.3,0.16917724907398224,0.311720410336455,0.311720410336455,0.9999999996791997,0.24609375
20,proposed_no_update,7,8200,0.3,0.1701863706111908,0.311720410336455,0.311720410336455,0.9999999996791997,0.24609375
20,proposed,7,8200,0.3,0.10519206523895264,0.311720410336455,0.031191759039849297,9.993678424446857,0.98046875
20,oracle_sync,7,8200,0.3,0.10486450791358948,0.311720410336455,0.0,3117204103.3645496,1.0
20,matched_filter,8,9200,0.3,0.11602580547332764,0.323959510852359,0.0346974995075071,9.336681735483545,0.984375
20,adjoint_slice,8,9200,0.3,0.17529094219207764,0.323959510852359,0.323959510852359,0.9999999996913195,0.21875
20,proposed_no_update,8,9200,0.3,0.17498169839382172,0.323959510852359,0.323959510852359,0.9999999996913195,0.21875
20,proposed,8,9200,0.3,0.11766154319047928,0.323959510852359,0.10177801195286604,3.183000967675478,0.98046875
20,oracle_sync,8,9200,0.3,0.11465658247470856,0.323959510852359,0.0,3239595108.52359,1.0
20,matched_filter,9,10200,0.3,0.14493206143379211,0.29342737216881926,0.031469300294898174,9.32424199097829,0.98828125
20,adjoint_slice,9,10200,0.3,0.19066773355007172,0.29342737216881926,0.29342737216881926,0.9999999996592002,0.27734375
20,proposed_no_update,9,10200,0.3,0.18889160454273224,0.29342737216881926,0.29342737216881926,0.9999999996592002,0.27734375
20,proposed,9,10200,0.3,0.1434224545955658,0.29342737216881926,0.08295802822010793,3.53705817400311,0.98046875
20,oracle_sync,9,10200,0.3,0.14219768345355988,0.29342737216881926,0.0,2934273721.6881924,1.0
25,matched_filter,0,1250,0.3,0.12847086787223816,0.3113872009408701,0.03413561303946576,9.122062629098082,0.99609375
25,adjoint_slice,0,1250,0.3,0.1824951320886612,0.3113872009408701,0.3113872009408701,0.9999999996788564,0.29296875
25,proposed_no_update,0,1250,0.3,0.1816202849149704,0.3113872009408701,0.3113872009408701,0.9999999996788564,0.29296875
25,proposed,0,1250,0.3,0.12680257856845856,0.3113872009408701,0.025682193911521635,12.124633931243354,0.99609375
25,oracle_sync,0,1250,0.3,0.1268208920955658,0.3113872009408701,0.0,3113872009.4087005,1.0
25,matched_filter,1,2250,0.3,0.10241089761257172,0.3177265862303317,0.032359552241411245,9.818633548392134,1.0
25,adjoint_slice,1,2250,0.3,0.16662192344665527,0.3177265862303317,0.3177265862303317,0.999999999685264,0.1875
25,proposed_no_update,1,2250,0.3,0.16695557534694672,0.3177265862303317,0.3177265862303317,0.999999999685264,0.1875
25,proposed,1,2250,0.3,0.10407308489084244,0.3177265862303317,0.08840892361713547,3.5938293655389195,0.98046875
25,oracle_sync,1,2250,0.3,0.10246989130973816,0.3177265862303317,0.0,3177265862.3033166,1.0
25,matched_filter,2,3250,0.3,0.10542196035385132,0.3017385273313241,0.030319124097335302,9.952085863939415,1.0
25,adjoint_slice,2,3250,0.3,0.15863241255283356,0.3017385273313241,0.3017385273313241,0.9999999996685872,0.25
25,proposed_no_update,2,3250,0.3,0.15851238369941711,0.3017385273313241,0.3017385273313241,0.9999999996685872,0.25
25,proposed,2,3250,0.3,0.10542399436235428,0.3017385273313241,0.02759028425984735,10.936405127105168,0.9921875
25,oracle_sync,2,3250,0.3,0.10512899607419968,0.3017385273313241,0.0,3017385273.313241,1.0
25,matched_filter,3,4250,0.3,0.11379598826169968,0.3171949233081728,0.03307944884797812,9.588881719493102,0.99609375
25,adjoint_slice,3,4250,0.3,0.1758626401424408,0.3171949233081728,0.3171949233081728,0.9999999996847364,0.2421875
25,proposed_no_update,3,4250,0.3,0.17586059868335724,0.3171949233081728,0.3171949233081728,0.9999999996847364,0.2421875
25,proposed,3,4250,0.3,0.11522013694047928,0.3171949233081728,0.07648471189033385,4.147167650291472,0.984375
25,oracle_sync,3,4250,0.3,0.11278076469898224,0.3171949233081728,0.0,3171949233.0817275,1.0
25,matched_filter,4,5250,0.3,0.10756225883960724,0.30470002354163767,0.0356401253909172,8.54935327372205,0.98828125
25,adjoint_slice,4,5250,0.3,0.16514892876148224,0.30470002354163767,0.30470002354163767,0.9999999996718083,0.25
25,proposed_no_update,4,5250,0.3,0.16577759385108948,0.30470002354163767,0.30470002354163767,0.9999999996718083,0.25
25,proposed,4,5250,0.3,0.10814820230007172,0.30470002354163767,0.026708790806826695,11.40822976991284,0.98828125
25,oracle_sync,4,5250,0.3,0.10796713083982468,0.30470002354163767,0.0,3047000235.4163766,1.0
25,matched_filter,5,6250,0.3,0.11534017324447632,0.29480055251947046,0.032120037943665046,9.178088522769144,0.9921875
25,adjoint_slice,5,6250,0.3,0.16912639141082764,0.29480055251947046,0.29480055251947046,0.9999999996607876,0.28125
25,proposed_no_update,5,6250,0.3,0.16922201216220856,0.29480055251947046,0.29480055251947046,0.9999999996607876,0.28125
25,proposed,5,6250,0.3,0.11570435017347336,0.29480055251947046,0.0329893621301751,8.936230729850811,0.99609375
25,oracle_sync,5,6250,0.3,0.11488444358110428,0.29480055251947046,0.0,2948005525.1947045,1.0
25,matched_filter,6,7250,0.3,0.12198486924171448,0.2662913145650948,0.03259513283784157,8.169664933501217,0.99609375
25,adjoint_slice,6,7250,0.3,0.16759644448757172,0.2662913145650948,0.2662913145650948,0.9999999996244714,0.24609375
25,proposed_no_update,6,7250,0.3,0.1689656674861908,0.2662913145650948,0.2662913145650948,0.9999999996244714,0.24609375
25,proposed,6,7250,0.3,0.12346802651882172,0.2662913145650948,0.017244520505036123,15.442082773082515,0.99609375
25,oracle_sync,6,7250,0.3,0.12337647378444672,0.2662913145650948,0.0,2662913145.650948,1.0
25,matched_filter,7,8250,0.3,0.12210693955421448,0.301020174322522,0.03283024230316325,9.168990305521417,0.99609375
25,adjoint_slice,7,8250,0.3,0.17342734336853027,0.301020174322522,0.301020174322522,0.9999999996677963,0.265625
25,proposed_no_update,7,8250,0.3,0.17326660454273224,0.301020174322522,0.301020174322522,0.9999999996677963,0.265625
25,proposed,7,8250,0.3,0.12204793840646744,0.301020174322522,0.025965562969088366,11.593053981597734,0.99609375
25,oracle_sync,7,8250,0.3,0.1218261793255806,0.301020174322522,0.0,3010201743.2252197,1.0
25,matched_filter,8,9250,0.3,0.10863648355007172,0.3128789688463365,0.03224744145961469,9.702443161821948,0.99609375
25,adjoint_slice,8,9250,0.3,0.1705932766199112,0.3128789688463365,0.3128789688463365,0.9999999996803876,0.23828125
25,proposed_no_update,8,9250,0.3,0.17114055156707764,0.3128789688463365,0.3128789688463365,0.9999999996803876,0.23828125
25,proposed,8,9250,0.3,0.10966390371322632,0.3128789688463365,0.030264387165975012,10.3381894401706,0.98828125
25,oracle_sync,8,9250,0.3,0.10918986797332764,0.3128789688463365,0.0,3128789688.4633646,1.0
25,matched_filter,9,10250,0.3,0.11150716990232468,0.29132806254067295,0.030182567873949507,9.652196022290662,0.99609375
25,adjoint_slice,9,10250,0.3,0.16358846426010132,0.29132806254067295,0.29132806254067295,0.9999999996567444,0.3046875
25,proposed_no_update,9,10250,0.3,0.16346436738967896,0.29132806254067295,0.29132806254067295,0.9999999996567444,0.3046875
25,proposed,9,10250,0.3,0.11070556938648224,0.29132806254067295,0.021457965554771065,13.576686030154852,0.9921875
25,oracle_sync,9,10250,0.3,0.11053670942783356,0.29132806254067295,0.0,2913280625.406729,1.0
