init_error,snr_db,method,mc_idx,seed,ber,rmse_tau_init,rmse_tau_final,improvement,success_rate
0.0,-5,adjoint_slice,0,950,0.3177592158317566,0.0,0.0,0.0,1.0
0.0,-5,proposed_no_update,0,950,0.3173258602619171,0.0,0.0,0.0,1.0
0.0,-5,proposed,0,950,0.31854045391082764,0.0,0.07717930667216998,0.0,0.80078125
0.0,-5,oracle_sync,0,950,0.3173258602619171,0.0,0.0,0.0,1.0
0.0,-5,adjoint_slice,1,1950,0.31694743037223816,0.0,0.0,0.0,1.0
0.0,-5,proposed_no_update,1,1950,0.3172953426837921,0.0,0.0,0.0,1.0
0.0,-5,proposed,1,1950,0.3188171684741974,0.0,0.0884494982701286,0.0,0.7421875
0.0,-5,oracle_sync,1,1950,0.3172953426837921,0.0,0.0,0.0,1.0
0.0,-5,adjoint_slice,2,2950,0.3195495903491974,0.0,0.0,0.0,1.0
0.0,-5,proposed_no_update,2,2950,0.3197571039199829,0.0,0.0,0.0,1.0
0.0,-5,proposed,2,2950,0.32081708312034607,0.0,0.0760197425803837,0.0,0.80859375
0.0,-5,oracle_sync,2,2950,0.3197571039199829,0.0,0.0,0.0,1.0
0.0,-5,adjoint_slice,3,3950,0.3155314326286316,0.0,0.0,0.0,1.0
0.0,-5,proposed_no_update,3,3950,0.31559449434280396,0.0,0.0,0.0,1.0
0.0,-5,proposed,3,3950,0.31707969307899475,0.0,0.08136330555598288,0.0,0.80078125
0.0,-5,oracle_sync,3,3950,0.31559449434280396,0.0,0.0,0.0,1.0
0.0,-5,adjoint_slice,4,4950,0.31758424639701843,0.0,0.0,0.0,1.0
0.0,-5,proposed_no_update,4,4950,0.31798097491264343,0.0,0.0,0.0,1.0
0.0,-5,proposed,4,4950,0.31929728388786316,0.0,0.0837498249341086,0.0,0.75390625
0.0,-5,oracle_sync,4,4950,0.31798097491264343,0.0,0.0,0.0,1.0
0.0,-5,adjoint_slice,5,5950,0.31612345576286316,0.0,0.0,0.0,1.0
0.0,-5,proposed_no_update,5,5950,0.31628623604774475,0.0,0.0,0.0,1.0
0.0,-5,proposed,5,5950,0.3174804747104645,0.0,0.08137878825761251,0.0,0.75
0.0,-5,oracle_sync,5,5950,0.31628623604774475,0.0,0.0,0.0,1.0
0.0,-5,adjoint_slice,6,6950,0.3157654106616974,0.0,0.0,0.0,1.0
0.0,-5,proposed_no_update,6,6950,0.3158833980560303,0.0,0.0,0.0,1.0
0.0,-5,proposed,6,6950,0.31724652647972107,0.0,0.08238742856960936,0.0,0.765625
0.0,-5,oracle_sync,6,6950,0.3158833980560303,0.0,0.0,0.0,1.0
0.0,-5,adjoint_slice,7,7950,0.31893107295036316,0.0,0.0,0.0,1.0
0.0,-5,proposed_no_update,7,7950,0.31845298409461975,0.0,0.0,0.0,1.0
0.0,-5,proposed,7,7950,0.31961876153945923,0.0,0.07281724829890218,0.0,0.83203125
0.0,-5,oracle_sync,7,7950,0.31845298409461975,0.0,0.0,0.0,1.0
0.0,-5,adjoint_slice,8,8950,0.3165547847747803,0.0,0.0,0.0,1.0
0.0,-5,proposed_no_update,8,8950,0.3166341185569763,0.0,0.0,0.0,1.0
0.0,-5,proposed,8,8950,0.31778770685195923,0.0,0.08720877818805278,0.0,0.75390625
0.0,-5,oracle_sync,8,8950,0.3166341185569763,0.0,0.0,0.0,1.0
0.0,-5,adjoint_slice,9,9950,0.3173889219760895,0.0,0.0,0.0,1.0
0.0,-5,proposed_no_update,9,9950,0.3176473081111908,0.0,0.0,0.0,1.0
0.0,-5,proposed,9,9950,0.3189839720726013,0.0,0.0822684028644791,0.0,0.78515625
0.0,-5,oracle_sync,9,9950,0.3176473081111908,0.0,0.0,0.0,1.0
0.0,0,adjoint_slice,0,1000,0.2100728452205658,0.0,0.0,0.0,1.0
0.0,0,proposed_no_update,0,1000,0.21011556684970856,0.0,0.0,0.0,1.0
0.0,0,proposed,0,1000,0.21095989644527435,0.0,0.05389276163909188,0.0,0.9375
0.0,0,oracle_sync,0,1000,0.21011556684970856,0.0,0.0,0.0,1.0
0.0,0,adjoint_slice,1,2000,0.2139485776424408,0.0,0.0,0.0,1.0
0.0,0,proposed_no_update,1,2000,0.21334229409694672,0.0,0.0,0.0,1.0
0.0,0,proposed,1,2000,0.21476034820079803,0.0,0.05516652908302268,0.0,0.9375
0.0,0,oracle_sync,1,2000,0.21334229409694672,0.0,0.0,0.0,1.0
0.0,0,adjoint_slice,2,3000,0.20939332246780396,0.0,0.0,0.0,1.0
0.0,0,proposed_no_update,2,3000,0.2098083645105362,0.0,0.0,0.0,1.0
0.0,0,proposed,2,3000,0.2106526792049408,0.0,0.06001604888098123,0.0,0.91015625
0.0,0,oracle_sync,2,3000,0.2098083645105362,0.0,0.0,0.0,1.0
0.0,0,adjoint_slice,3,4000,0.22277629375457764,0.0,0.0,0.0,1.0
0.0,0,proposed_no_update,3,4000,0.22389528155326843,0.0,0.0,0.0,1.0
0.0,0,proposed,3,4000,0.22458700835704803,0.0,0.05341898212606426,0.0,0.9609375
0.0,0,oracle_sync,3,4000,0.22389528155326843,0.0,0.0,0.0,1.0
0.0,0,adjoint_slice,4,5000,0.20837199687957764,0.0,0.0,0.0,1.0
0.0,0,proposed_no_update,4,5000,0.20850017666816711,0.0,0.0,0.0,1.0
0.0,0,proposed,4,5000,0.20963135361671448,0.0,0.054328307820593204,0.0,0.921875
0.0,0,oracle_sync,4,5000,0.20850017666816711,0.0,0.0,0.0,1.0
0.0,0,adjoint_slice,5,6000,0.20998333394527435,0.0,0.0,0.0,1.0
0.0,0,proposed_no_update,5,6000,0.21031291782855988,0.0,0.0,0.0,1.0
0.0,0,proposed,5,6000,0.21131186187267303,0.0,0.052549023975359856,0.0,0.94140625
0.0,0,oracle_sync,5,6000,0.21031291782855988,0.0,0.0,0.0,1.0
0.0,0,adjoint_slice,6,7000,0.2118835598230362,0.0,0.0,0.0,1.0
0.0,0,proposed_no_update,6,7000,0.21116945147514343,0.0,0.0,0.0,1.0
0.0,0,proposed,6,7000,0.21248577535152435,0.0,0.057504389474618736,0.0,0.9140625
0.0,0,oracle_sync,6,7000,0.21116945147514343,0.0,0.0,0.0,1.0
0.0,0,adjoint_slice,7,8000,0.2071228176355362,0.0,0.0,0.0,1.0
0.0,0,proposed_no_update,7,8000,0.20709839463233948,0.0,0.0,0.0,1.0
0.0,0,proposed,7,8000,0.20826619863510132,0.0,0.054586093185069774,0.0,0.9375
0.0,0,oracle_sync,7,8000,0.20709839463233948,0.0,0.0,0.0,1.0
0.0,0,adjoint_slice,8,9000,0.2143554836511612,0.0,0.0,0.0,1.0
0.0,0,proposed_no_update,8,9000,0.21523235738277435,0.0,0.0,0.0,1.0
0.0,0,proposed,8,9000,0.21566367149353027,0.0,0.055003147092955784,0.0,0.9296875
0.0,0,oracle_sync,8,9000,0.21523235738277435,0.0,0.0,0.0,1.0
0.0,0,adjoint_slice,9,10000,0.2182515561580658,0.0,0.0,0.0,1.0
0.0,0,proposed_no_update,9,10000,0.21891683340072632,0.0,0.0,0.0,1.0
0.0,0,proposed,9,10000,0.2199402004480362,0.0,0.055844664166960864,0.0,0.953125
0.0,0,oracle_sync,9,10000,0.21891683340072632,0.0,0.0,0.0,1.0
0.0,5,adjoint_slice,0,1050,0.1574300229549408,0.0,0.0,0.0,1.0
0.0,5,proposed_no_update,0,1050,0.15552368760108948,0.0,0.0,0.0,1.0
0.0,5,proposed,0,1050,0.15591838955879211,0.0,0.032320786675932425,0.0,0.99609375
0.0,5,oracle_sync,0,1050,0.15552368760108948,0.0,0.0,0.0,1.0
0.0,5,adjoint_slice,1,2050,0.11832886189222336,0.0,0.0,0.0,1.0
0.0,5,proposed_no_update,1,2050,0.11894531548023224,0.0,0.0,0.0,1.0
0.0,5,proposed,1,2050,0.11976725608110428,0.0,0.03705744289118805,0.0,0.9765625
0.0,5,oracle_sync,1,2050,0.11894531548023224,0.0,0.0,0.0,1.0
0.0,5,adjoint_slice,2,3050,0.1194152906537056,0.0,0.0,0.0,1.0
0.0,5,proposed_no_update,2,3050,0.11920980364084244,0.0,0.0,0.0,1.0
0.0,5,proposed,2,3050,0.11983032524585724,0.0,0.033714377196702165,0.0,0.99609375
0.0,5,oracle_sync,2,3050,0.11920980364084244,0.0,0.0,0.0,1.0
0.0,5,adjoint_slice,3,4050,0.14778849482536316,0.0,0.0,0.0,1.0
0.0,5,proposed_no_update,3,4050,0.1496277004480362,0.0,0.0,0.0,1.0
0.0,5,proposed,3,4050,0.15043742954730988,0.0,0.03478021480511566,0.0,0.98828125
0.0,5,oracle_sync,3,4050,0.1496277004480362,0.0,0.0,0.0,1.0
0.0,5,adjoint_slice,4,5050,0.1185913160443306,0.0,0.0,0.0,1.0
0.0,5,proposed_no_update,4,5050,0.11846517771482468,0.0,0.0,0.0,1.0
0.0,5,proposed,4,5050,0.11895345896482468,0.0,0.0340089328144411,0.0,0.98828125
0.0,5,oracle_sync,4,5050,0.11846517771482468,0.0,0.0,0.0,1.0
0.0,5,adjoint_slice,5,6050,0.13043212890625,0.0,0.0,0.0,1.0
0.0,5,proposed_no_update,5,6050,0.12961630523204803,0.0,0.0,0.0,1.0
0.0,5,proposed,5,6050,0.12992554903030396,0.0,0.035156433159468425,0.0,0.9921875
0.0,5,oracle_sync,5,6050,0.12961630523204803,0.0,0.0,0.0,1.0
0.0,5,adjoint_slice,6,7050,0.11853638291358948,0.0,0.0,0.0,1.0
0.0,5,proposed_no_update,6,7050,0.1184488981962204,0.0,0.0,0.0,1.0
0.0,5,proposed,6,7050,0.11916911602020264,0.0,0.032467986098973715,0.0,0.9921875
0.0,5,oracle_sync,6,7050,0.1184488981962204,0.0,0.0,0.0,1.0
0.0,5,adjoint_slice,7,8050,0.13649089634418488,0.0,0.0,0.0,1.0
0.0,5,proposed_no_update,7,8050,0.13502605259418488,0.0,0.0,0.0,1.0
0.0,5,proposed,7,8050,0.13579101860523224,0.0,0.035038057477972714,0.0,0.99609375
0.0,5,oracle_sync,7,8050,0.13502605259418488,0.0,0.0,0.0,1.0
0.0,5,adjoint_slice,8,9050,0.16625162959098816,0.0,0.0,0.0,1.0
0.0,5,proposed_no_update,8,9050,0.1684061735868454,0.0,0.0,0.0,1.0
0.0,5,proposed,8,9050,0.16867269575595856,0.0,0.03383041264717556,0.0,0.99609375
0.0,5,oracle_sync,8,9050,0.1684061735868454,0.0,0.0,0.0,1.0
0.0,5,adjoint_slice,9,10050,0.15651652216911316,0.0,0.0,0.0,1.0
0.0,5,proposed_no_update,9,10050,0.15436401963233948,0.0,0.0,0.0,1.0
0.0,5,proposed,9,10050,0.15503540635108948,0.0,0.03598661706846506,0.0,0.98046875
0.0,5,oracle_sync,9,10050,0.15436401963233948,0.0,0.0,0.0,1.0
0.0,10,adjoint_slice,0,1100,0.09977417439222336,0.0,0.0,0.0,1.0
0.0,10,proposed_no_update,0,1100,0.09890341013669968,0.0,0.0,0.0,1.0
0.0,10,proposed,0,1100,0.09892985224723816,0.0,0.021918106247782374,0.0,0.99609375
0.0,10,oracle_sync,0,1100,0.09890341013669968,0.0,0.0,0.0,1.0
0.0,10,adjoint_slice,1,2100,0.09574585407972336,0.0,0.0,0.0,1.0
0.0,10,proposed_no_update,1,2100,0.09619548171758652,0.0,0.0,0.0,1.0
0.0,10,proposed,1,2100,0.09666748344898224,0.0,0.023785162962940164,0.0,0.99609375
0.0,10,oracle_sync,1,2100,0.09619548171758652,0.0,0.0,0.0,1.0
0.0,10,adjoint_slice,2,3100,0.0954386442899704,0.0,0.0,0.0,1.0
0.0,10,proposed_no_update,2,3100,0.0959065780043602,0.0,0.0,0.0,1.0
0.0,10,proposed,2,3100,0.09597372263669968,0.0,0.024080952299838056,0.0,0.9921875
0.0,10,oracle_sync,2,3100,0.0959065780043602,0.0,0.0,0.0,1.0
0.0,10,adjoint_slice,3,4100,0.10654297471046448,0.0,0.0,0.0,1.0
0.0,10,proposed_no_update,3,4100,0.10831096023321152,0.0,0.0,0.0,1.0
0.0,10,proposed,3,4100,0.10840454697608948,0.0,0.025014515796347035,0.0,0.98828125
0.0,10,oracle_sync,3,4100,0.10831096023321152,0.0,0.0,0.0,1.0
0.0,10,adjoint_slice,4,5100,0.09224853664636612,0.0,0.0,0.0,1.0
0.0,10,proposed_no_update,4,5100,0.09280803054571152,0.0,0.0,0.0,1.0
0.0,10,proposed,4,5100,0.09315389394760132,0.0,0.0269838320568427,0.0,0.99609375
0.0,10,oracle_sync,4,5100,0.09280803054571152,0.0,0.0,0.0,1.0
0.0,10,adjoint_slice,5,6100,0.09569498896598816,0.0,0.0,0.0,1.0
0.0,10,proposed_no_update,5,6100,0.09529012441635132,0.0,0.0,0.0,1.0
0.0,10,proposed,5,6100,0.0957234725356102,0.0,0.024111033466224074,0.0,0.99609375
0.0,10,oracle_sync,5,6100,0.09529012441635132,0.0,0.0,0.0,1.0
0.0,10,adjoint_slice,6,7100,0.10258585959672928,0.0,0.0,0.0,1.0
0.0,10,proposed_no_update,6,7100,0.10167236626148224,0.0,0.0,0.0,1.0
0.0,10,proposed,6,7100,0.1018676832318306,0.0,0.02125999135801583,0.0,1.0
0.0,10,oracle_sync,6,7100,0.10167236626148224,0.0,0.0,0.0,1.0
0.0,10,adjoint_slice,7,8100,0.0903828963637352,0.0,0.0,0.0,1.0
0.0,10,proposed_no_update,7,8100,0.08977864682674408,0.0,0.0,0.0,1.0
0.0,10,proposed,7,8100,0.0902404859662056,0.0,0.022558883699752702,0.0,0.99609375
0.0,10,oracle_sync,7,8100,0.08977864682674408,0.0,0.0,0.0,1.0
0.0,10,adjoint_slice,8,9100,0.09506429731845856,0.0,0.0,0.0,1.0
0.0,10,proposed_no_update,8,9100,0.09596354514360428,0.0,0.0,0.0,1.0
0.0,10,proposed,8,9100,0.09601034224033356,0.0,0.022637243780643152,0.0,0.99609375
0.0,10,oracle_sync,8,9100,0.09596354514360428,0.0,0.0,0.0,1.0
0.0,10,adjoint_slice,9,10100,0.10162150859832764,0.0,0.0,0.0,1.0
0.0,10,proposed_no_update,9,10100,0.10357056558132172,0.0,0.0,0.0,1.0
0.0,10,proposed,9,10100,0.10388997942209244,0.0,0.024292926299353264,0.0,1.0
0.0,10,oracle_sync,9,10100,0.10357056558132172,0.0,0.0,0.0,1.0
0.0,15,adjoint_slice,0,1150,0.0913289412856102,0.0,0.0,0.0,1.0
0.0,15,proposed_no_update,0,1150,0.09304606914520264,0.0,0.0,0.0,1.0
0.0,15,proposed,0,1150,0.09352417290210724,0.0,0.024550887751240497,0.0,0.99609375
0.0,15,oracle_sync,0,1150,0.09304606914520264,0.0,0.0,0.0,1.0
0.0,15,adjoint_slice,1,2150,0.12751059234142303,0.0,0.0,0.0,1.0
0.0,15,proposed_no_update,1,2150,0.12988892197608948,0.0,0.0,0.0,1.0
0.0,15,proposed,1,2150,0.12995809316635132,0.0,0.020479350449268994,0.0,1.0
0.0,15,oracle_sync,1,2150,0.12988892197608948,0.0,0.0,0.0,1.0
0.0,15,adjoint_slice,2,3150,0.11978353559970856,0.0,0.0,0.0,1.0
0.0,15,proposed_no_update,2,3150,0.11830241233110428,0.0,0.0,0.0,1.0
0.0,15,proposed,2,3150,0.1186421737074852,0.0,0.0177577435915133,0.0,1.0
0.0,15,oracle_sync,2,3150,0.11830241233110428,0.0,0.0,0.0,1.0
0.0,15,adjoint_slice,3,4150,0.11646728962659836,0.0,0.0,0.0,1.0
0.0,15,proposed_no_update,3,4150,0.11819865554571152,0.0,0.0,0.0,1.0
0.0,15,proposed,3,4150,0.11843466013669968,0.0,0.019278193362352588,0.0,0.9921875
0.0,15,oracle_sync,3,4150,0.11819865554571152,0.0,0.0,0.0,1.0
0.0,15,adjoint_slice,4,5150,0.1041056364774704,0.0,0.0,0.0,1.0
0.0,15,proposed_no_update,4,5150,0.1045634001493454,0.0,0.0,0.0,1.0
0.0,15,proposed,4,5150,0.1046854704618454,0.0,0.019308816931421613,0.0,0.99609375
0.0,15,oracle_sync,4,5150,0.1045634001493454,0.0,0.0,0.0,1.0
0.0,15,adjoint_slice,5,6150,0.11078085005283356,0.0,0.0,0.0,1.0
0.0,15,proposed_no_update,5,6150,0.10979004204273224,0.0,0.0,0.0,1.0
0.0,15,proposed,5,6150,0.11004232615232468,0.0,0.01902577825802493,0.0,0.99609375
0.0,15,oracle_sync,5,6150,0.10979004204273224,0.0,0.0,0.0,1.0
0.0,15,adjoint_slice,6,7150,0.1054585799574852,0.0,0.0,0.0,1.0
0.0,15,proposed_no_update,6,7150,0.10439249873161316,0.0,0.0,0.0,1.0
0.0,15,proposed,6,7150,0.1047668531537056,0.0,0.018382857845865856,0.0,0.9921875
0.0,15,oracle_sync,6,7150,0.10439249873161316,0.0,0.0,0.0,1.0
0.0,15,adjoint_slice,7,8150,0.10565389692783356,0.0,0.0,0.0,1.0
0.0,15,proposed_no_update,7,8150,0.10677286982536316,0.0,0.0,0.0,1.0
0.0,15,proposed,7,8150,0.10694173723459244,0.0,0.018642897535233047,0.0,1.0
0.0,15,oracle_sync,7,8150,0.10677286982536316,0.0,0.0,0.0,1.0
0.0,15,adjoint_slice,8,9150,0.10847168415784836,0.0,0.0,0.0,1.0
0.0,15,proposed_no_update,8,9150,0.11026611924171448,0.0,0.0,0.0,1.0
0.0,15,proposed,8,9150,0.11040650308132172,0.0,0.020892327600630124,0.0,0.9921875
0.0,15,oracle_sync,8,9150,0.11026611924171448,0.0,0.0,0.0,1.0
0.0,15,adjoint_slice,9,10150,0.10941772907972336,0.0,0.0,0.0,1.0
0.0,15,proposed_no_update,9,10150,0.10854696482419968,0.0,0.0,0.0,1.0
0.0,15,proposed,9,10150,0.10884399712085724,0.0,0.022661616325328027,0.0,0.99609375
0.0,15,oracle_sync,9,10150,0.10854696482419968,0.0,0.0,0.0,1.0
0.0,20,adjoint_slice,0,1200,0.1202392652630806,0.0,0.0,0.0,1.0
0.0,20,proposed_no_update,0,1200,0.12012533098459244,0.0,0.0,0.0,1.0
0.0,20,proposed,0,1200,0.1203715056180954,0.0,0.019815995883479137,0.0,1.0
0.0,20,oracle_sync,0,1200,0.12012533098459244,0.0,0.0,0.0,1.0
0.0,20,adjoint_slice,1,2200,0.11560669541358948,0.0,0.0,0.0,1.0
0.0,20,proposed_no_update,1,2200,0.11496582627296448,0.0,0.0,0.0,1.0
0.0,20,proposed,1,2200,0.11504517495632172,0.0,0.015990014196947462,0.0,1.0
0.0,20,oracle_sync,1,2200,0.11496582627296448,0.0,0.0,0.0,1.0
0.0,20,adjoint_slice,2,3200,0.10727743059396744,0.0,0.0,0.0,1.0
0.0,20,proposed_no_update,2,3200,0.10654907673597336,0.0,0.0,0.0,1.0
0.0,20,proposed,2,3200,0.10676880180835724,0.0,0.01786844396501534,0.0,1.0
0.0,20,oracle_sync,2,3200,0.10654907673597336,0.0,0.0,0.0,1.0
0.0,20,adjoint_slice,3,4200,0.0975036695599556,0.0,0.0,0.0,1.0
0.0,20,proposed_no_update,3,4200,0.09864909201860428,0.0,0.0,0.0,1.0
0.0,20,proposed,3,4200,0.09901123493909836,0.0,0.0178410570598902,0.0,0.99609375
0.0,20,oracle_sync,3,4200,0.09864909201860428,0.0,0.0,0.0,1.0
0.0,20,adjoint_slice,4,5200,0.11599121987819672,0.0,0.0,0.0,1.0
0.0,20,proposed_no_update,4,5200,0.11539917439222336,0.0,0.0,0.0,1.0
0.0,20,proposed,4,5200,0.11563924700021744,0.0,0.01740283307001185,0.0,0.99609375
0.0,20,oracle_sync,4,5200,0.11539917439222336,0.0,0.0,0.0,1.0
0.0,20,adjoint_slice,5,6200,0.11887817829847336,0.0,0.0,0.0,1.0
0.0,20,proposed_no_update,5,6200,0.1200154721736908,0.0,0.0,0.0,1.0
0.0,20,proposed,5,6200,0.1201477125287056,0.0,0.015379325741939776,0.0,1.0
0.0,20,oracle_sync,5,6200,0.1200154721736908,0.0,0.0,0.0,1.0
0.0,20,adjoint_slice,6,7200,0.11045939475297928,0.0,0.0,0.0,1.0
0.0,20,proposed_no_update,6,7200,0.10912679880857468,0.0,0.0,0.0,1.0
0.0,20,proposed,6,7200,0.10940959304571152,0.0,0.021338422850842174,0.0,0.99609375
0.0,20,oracle_sync,6,7200,0.10912679880857468,0.0,0.0,0.0,1.0
0.0,20,adjoint_slice,7,8200,0.10356038808822632,0.0,0.0,0.0,1.0
0.0,20,proposed_no_update,7,8200,0.10486450791358948,0.0,0.0,0.0,1.0
0.0,20,proposed,7,8200,0.1049499586224556,0.0,0.020460878776364044,0.0,1.0
0.0,20,oracle_sync,7,8200,0.10486450791358948,0.0,0.0,0.0,1.0
0.0,20,adjoint_slice,8,9200,0.11512655019760132,0.0,0.0,0.0,1.0
0.0,20,proposed_no_update,8,9200,0.11465658247470856,0.0,0.0,0.0,1.0
0.0,20,proposed,8,9200,0.11486206948757172,0.0,0.020739264365123224,0.0,0.9921875
0.0,20,oracle_sync,8,9200,0.11465658247470856,0.0,0.0,0.0,1.0
0.0,20,adjoint_slice,9,10200,0.14459432661533356,0.0,0.0,0.0,1.0
0.0,20,proposed_no_update,9,10200,0.14219768345355988,0.0,0.0,0.0,1.0
0.0,20,proposed,9,10200,0.14235027134418488,0.0,0.019314327200677887,0.0,0.99609375
0.0,20,oracle_sync,9,10200,0.14219768345355988,0.0,0.0,0.0,1.0
0.0,25,adjoint_slice,0,1250,0.1280721127986908,0.0,0.0,0.0,1.0
0.0,25,proposed_no_update,0,1250,0.1268208920955658,0.0,0.0,0.0,1.0
0.0,25,proposed,0,1250,0.12701213359832764,0.0,0.021695156579014066,0.0,0.99609375
0.0,25,oracle_sync,0,1250,0.1268208920955658,0.0,0.0,0.0,1.0
0.0,25,adjoint_slice,1,2250,0.1019083708524704,0.0,0.0,0.0,1.0
0.0,25,proposed_no_update,1,2250,0.10246989130973816,0.0,0.0,0.0,1.0
0.0,25,proposed,1,2250,0.10241903364658356,0.0,0.014952063963198602,0.0,1.0
0.0,25,oracle_sync,1,2250,0.10246989130973816,0.0,0.0,0.0,1.0
0.0,25,adjoint_slice,2,3250,0.10508016496896744,0.0,0.0,0.0,1.0
0.0,25,proposed_no_update,2,3250,0.10512899607419968,0.0,0.0,0.0,1.0
0.0,25,proposed,2,3250,0.1050720289349556,0.0,0.016106467475450675,0.0,0.99609375
0.0,25,oracle_sync,2,3250,0.10512899607419968,0.0,0.0,0.0,1.0
0.0,25,adjoint_slice,3,4250,0.11276856064796448,0.0,0.0,0.0,1.0
0.0,25,proposed_no_update,3,4250,0.11278076469898224,0.0,0.0,0.0,1.0
0.0,25,proposed,3,4250,0.1129964217543602,0.0,0.020389368071744136,0.0,0.9921875
0.0,25,oracle_sync,3,4250,0.11278076469898224,0.0,0.0,0.0,1.0
0.0,25,adjoint_slice,4,5250,0.10721232742071152,0.0,0.0,0.0,1.0
0.0,25,proposed_no_update,4,5250,0.10796713083982468,0.0,0.0,0.0,1.0
0.0,25,proposed,4,5250,0.10809937119483948,0.0,0.018942258286994616,0.0,0.99609375
0.0,25,oracle_sync,4,5250,0.10796713083982468,0.0,0.0,0.0,1.0
0.0,25,adjoint_slice,5,6250,0.1148173063993454,0.0,0.0,0.0,1.0
0.0,25,proposed_no_update,5,6250,0.11488444358110428,0.0,0.0,0.0,1.0
0.0,25,proposed,5,6250,0.1150309294462204,0.0,0.016202793860123313,0.0,0.99609375
0.0,25,oracle_sync,5,6250,0.11488444358110428,0.0,0.0,0.0,1.0
0.0,25,adjoint_slice,6,7250,0.12149251997470856,0.0,0.0,0.0,1.0
0.0,25,proposed_no_update,6,7250,0.12337647378444672,0.0,0.0,0.0,1.0
0.0,25,proposed,6,7250,0.12338054180145264,0.0,0.0141192310609347,0.0,1.0
0.0,25,oracle_sync,6,7250,0.12337647378444672,0.0,0.0,0.0,1.0
0.0,25,adjoint_slice,7,8250,0.12204387038946152,0.0,0.0,0.0,1.0
0.0,25,proposed_no_update,7,8250,0.1218261793255806,0.0,0.0,0.0,1.0
0.0,25,proposed,7,8250,0.12196452170610428,0.0,0.01914047276352849,0.0,1.0
0.0,25,oracle_sync,7,8250,0.1218261793255806,0.0,0.0,0.0,1.0
0.0,25,adjoint_slice,8,9250,0.10847371816635132,0.0,0.0,0.0,1.0
0.0,25,proposed_no_update,8,9250,0.10918986797332764,0.0,0.0,0.0,1.0
0.0,25,proposed,8,9250,0.10922852158546448,0.0,0.015954311769658183,0.0,0.99609375
0.0,25,oracle_sync,8,9250,0.10918986797332764,0.0,0.0,0.0,1.0
0.0,25,adjoint_slice,9,10250,0.11110229790210724,0.0,0.0,0.0,1.0
0.0,25,proposed_no_update,9,10250,0.11053670942783356,0.0,0.0,0.0,1.0
0.0,25,proposed,9,10250,0.1106058806180954,0.0,0.0164238958445669,0.0,0.99609375
0.0,25,oracle_sync,9,10250,0.11053670942783356,0.0,0.0,0.0,1.0
0.2,-5,adjoint_slice,0,970,0.3270528316497803,0.20303121173913147,0.20303121173913147,0.9999999995074649,0.390625
0.2,-5,proposed_no_update,0,970,0.32678428292274475,0.20303121173913147,0.20303121173913147,0.9999999995074649,0.390625
0.2,-5,proposed,0,970,0.3194030821323395,0.20303121173913147,0.11577835718696514,1.753619730809479,0.62890625
0.2,-5,oracle_sync,0,970,0.3163391351699829,0.20303121173913147,0.0,2030312117.3913145,1.0
0.2,-5,adjoint_slice,1,1970,0.3285115659236908,0.21694127470695068,0.21694127470695068,0.9999999995390457,0.3515625
0.2,-5,proposed_no_update,1,1970,0.3286336362361908,0.21694127470695068,0.21694127470695068,0.9999999995390457,0.3515625
0.2,-5,proposed,1,1970,0.31874796748161316,0.21694127470695068,0.11129059676026415,1.9493225917310961,0.63671875
0.2,-5,oracle_sync,1,1970,0.3163757622241974,0.21694127470695068,0.0,2169412747.0695066,1.0
0.2,-5,adjoint_slice,2,2970,0.33198243379592896,0.19821564473963751,0.19821564473963751,0.9999999994954989,0.4296875
0.2,-5,proposed_no_update,2,2970,0.3324646055698395,0.19821564473963751,0.19821564473963751,0.9999999994954989,0.4296875
0.2,-5,proposed,2,2970,0.3258870542049408,0.19821564473963751,0.1159209119013099,1.7099213706789824,0.64453125
0.2,-5,oracle_sync,2,2970,0.32317301630973816,0.19821564473963751,0.0,1982156447.3963752,1.0
0.2,-5,adjoint_slice,3,3970,0.3332173824310303,0.20615583577409718,0.20615583577409718,0.99999999951493,0.38671875
0.2,-5,proposed_no_update,3,3970,0.3338155150413513,0.20615583577409718,0.20615583577409718,0.99999999951493,0.38671875
0.2,-5,proposed,3,3970,0.3255208432674408,0.20615583577409718,0.10971880672098239,1.8789471171561483,0.65625
0.2,-5,oracle_sync,3,3970,0.3227030634880066,0.20615583577409718,0.0,2061558357.7409718,1.0
0.2,-5,adjoint_slice,4,4970,0.3290303647518158,0.19115687036036738,0.19115687036036738,0.9999999994768694,0.390625
0.2,-5,proposed_no_update,4,4970,0.32863569259643555,0.19115687036036738,0.19115687036036738,0.9999999994768694,0.390625
0.2,-5,proposed,4,4970,0.3215698301792145,0.19115687036036738,0.10691853768384627,1.787873967625923,0.68359375
0.2,-5,oracle_sync,4,4970,0.3199564814567566,0.19115687036036738,0.0,1911568703.6036737,1.0
0.2,-5,adjoint_slice,5,5970,0.3274068236351013,0.19654658468023747,0.19654658468023747,0.9999999994912148,0.3984375
0.2,-5,proposed_no_update,5,5970,0.3273966610431671,0.19654658468023747,0.19654658468023747,0.9999999994912148,0.3984375
0.2,-5,proposed,5,5970,0.3198486566543579,0.19654658468023747,0.10819763374901067,1.816551598110892,0.6640625
0.2,-5,oracle_sync,5,5970,0.3176981806755066,0.19654658468023747,0.0,1965465846.8023746,1.0
0.2,-5,adjoint_slice,6,6970,0.3270935118198395,0.18154605011589417,0.18154605011589417,0.9999999994491755,0.43359375
0.2,-5,proposed_no_update,6,6970,0.3274231255054474,0.18154605011589417,0.18154605011589417,0.9999999994491755,0.43359375
0.2,-5,proposed,6,6970,0.32232463359832764,0.18154605011589417,0.10260757974765078,1.769323965982331,0.6796875
0.2,-5,oracle_sync,6,6970,0.3202046751976013,0.18154605011589417,0.0,1815460501.1589417,1.0
0.2,-5,adjoint_slice,7,7970,0.32587486505508423,0.2032956171205966,0.2032956171205966,0.9999999995081055,0.40234375
0.2,-5,proposed_no_update,7,7970,0.32589519023895264,0.2032956171205966,0.2032956171205966,0.9999999995081055,0.40234375
0.2,-5,proposed,7,7970,0.3176106810569763,0.2032956171205966,0.10798952440702109,1.8825494236469118,0.6640625
0.2,-5,oracle_sync,7,7970,0.31523236632347107,0.2032956171205966,0.0,2032956171.205966,1.0
0.2,-5,adjoint_slice,8,8970,0.32576295733451843,0.2049374897192471,0.2049374897192471,0.9999999995120463,0.34765625
0.2,-5,proposed_no_update,8,8970,0.3256937861442566,0.2049374897192471,0.2049374897192471,0.9999999995120463,0.34765625
0.2,-5,proposed,8,8970,0.3189290463924408,0.2049374897192471,0.12096031397568821,1.6942539483736134,0.5859375
0.2,-5,oracle_sync,8,8970,0.31580811738967896,0.2049374897192471,0.0,2049374897.192471,1.0
0.2,-5,adjoint_slice,9,9970,0.3226765990257263,0.18494955614513806,0.18494955614513806,0.999999999459312,0.37109375
0.2,-5,proposed_no_update,9,9970,0.3227193355560303,0.18494955614513806,0.18494955614513806,0.999999999459312,0.37109375
0.2,-5,proposed,9,9970,0.31738078594207764,0.18494955614513806,0.10943752126459935,1.690001325312958,0.65625
0.2,-5,oracle_sync,9,9970,0.3145243525505066,0.18494955614513806,0.0,1849495561.4513805,1.0
0.2,0,adjoint_slice,0,1020,0.22921143472194672,0.20633879286727197,0.20633879286727197,0.9999999995153601,0.40234375
0.2,0,proposed_no_update,0,1020,0.22970989346504211,0.20633879286727197,0.20633879286727197,0.9999999995153601,0.40234375
0.2,0,proposed,0,1020,0.21265463531017303,0.20633879286727197,0.06374695134482022,3.2368417342416786,0.87890625
0.2,0,oracle_sync,0,1020,0.21146240830421448,0.20633879286727197,0.0,2063387928.6727197,1.0
0.2,0,adjoint_slice,1,2020,0.22794800996780396,0.2042126981452637,0.2042126981452637,0.9999999995103145,0.36328125
0.2,0,proposed_no_update,1,2020,0.22753703594207764,0.2042126981452637,0.2042126981452637,0.9999999995103145,0.36328125
0.2,0,proposed,1,2020,0.21130982041358948,0.2042126981452637,0.06214881232811504,3.2858664577294707,0.8671875
0.2,0,oracle_sync,1,2020,0.21010133624076843,0.2042126981452637,0.0,2042126981.4526367,1.0
0.2,0,adjoint_slice,2,3020,0.22610068321228027,0.20420396434070617,0.20420396434070617,0.9999999995102935,0.33984375
0.2,0,proposed_no_update,2,3020,0.22618205845355988,0.20420396434070617,0.20420396434070617,0.9999999995102935,0.33984375
0.2,0,proposed,2,3020,0.21093547344207764,0.20420396434070617,0.0631009501640378,3.2361472130964906,0.9140625
0.2,0,oracle_sync,2,3020,0.20961101353168488,0.20420396434070617,0.0,2042039643.4070616,1.0
0.2,0,adjoint_slice,3,4020,0.2347005307674408,0.18432656533762357,0.18432656533762357,0.9999999994574845,0.390625
0.2,0,proposed_no_update,3,4020,0.23362427949905396,0.18432656533762357,0.18432656533762357,0.9999999994574845,0.390625
0.2,0,proposed,3,4020,0.22263388335704803,0.18432656533762357,0.06490557774458654,2.8399187166777127,0.8828125
0.2,0,oracle_sync,3,4020,0.22165325284004211,0.18432656533762357,0.0,1843265653.3762355,1.0
0.2,0,adjoint_slice,4,5020,0.22659710049629211,0.2070946035336146,0.2070946035336146,0.9999999995171288,0.359375
0.2,0,proposed_no_update,4,5020,0.2269795835018158,0.2070946035336146,0.2070946035336146,0.9999999995171288,0.359375
0.2,0,proposed,4,5020,0.21069946885108948,0.2070946035336146,0.05850959607445808,3.5394980836326497,0.91015625
0.2,0,oracle_sync,4,5020,0.2094319760799408,0.2070946035336146,0.0,2070946035.336146,1.0
0.2,0,adjoint_slice,5,6020,0.2252400815486908,0.1865423922650566,0.1865423922650566,0.9999999994639288,0.4296875
0.2,0,proposed_no_update,5,6020,0.2258300930261612,0.1865423922650566,0.1865423922650566,0.9999999994639288,0.4296875
0.2,0,proposed,5,6020,0.2128702849149704,0.1865423922650566,0.05489786925041994,3.397989657382389,0.92578125
0.2,0,oracle_sync,5,6020,0.21164348721504211,0.1865423922650566,0.0,1865423922.6505659,1.0
0.2,0,adjoint_slice,6,7020,0.22418010234832764,0.1972431040489433,0.1972431040489433,0.9999999994930114,0.38671875
0.2,0,proposed_no_update,6,7020,0.2239827662706375,0.1972431040489433,0.1972431040489433,0.9999999994930114,0.38671875
0.2,0,proposed,6,7020,0.20946453511714935,0.1972431040489433,0.061929774299721685,3.1849478859046143,0.8984375
0.2,0,oracle_sync,6,7020,0.20865276455879211,0.1972431040489433,0.0,1972431040.4894328,1.0
0.2,0,adjoint_slice,7,8020,0.2245626002550125,0.18783167879473858,0.18783167879473858,0.9999999994676084,0.41015625
0.2,0,proposed_no_update,7,8020,0.2249145656824112,0.18783167879473858,0.18783167879473858,0.9999999994676084,0.41015625
0.2,0,proposed,7,8020,0.21157634258270264,0.18783167879473858,0.06000654007963027,3.1301867801819983,0.9375
0.2,0,oracle_sync,7,8020,0.21050415933132172,0.18783167879473858,0.0,1878316787.9473858,1.0
0.2,0,adjoint_slice,8,9020,0.2323201596736908,0.2035750924415959,0.2035750924415959,0.9999999995087807,0.35546875
0.2,0,proposed_no_update,8,9020,0.23192140460014343,0.2035750924415959,0.2035750924415959,0.9999999995087807,0.35546875
0.2,0,proposed,8,9020,0.21790161728858948,0.2035750924415959,0.05875561659071863,3.4647767125513598,0.8984375
0.2,0,oracle_sync,8,9020,0.21671143174171448,0.2035750924415959,0.0,2035750924.4159591,1.0
0.2,0,adjoint_slice,9,10020,0.24381308257579803,0.2062143227043273,0.2062143227043273,0.9999999995150676,0.36328125
0.2,0,proposed_no_update,9,10020,0.2430420070886612,0.2062143227043273,0.2062143227043273,0.9999999995150676,0.36328125
0.2,0,proposed,9,10020,0.2279764860868454,0.2062143227043273,0.06551344292180358,3.147664253208261,0.890625
0.2,0,oracle_sync,9,10020,0.2270101010799408,0.2062143227043273,0.0,2062143227.043273,1.0
0.2,5,adjoint_slice,0,1070,0.1487019956111908,0.19620589224384807,0.19620589224384807,0.9999999994903312,0.42578125
0.2,5,proposed_no_update,0,1070,0.14984741806983948,0.19620589224384807,0.19620589224384807,0.9999999994903312,0.42578125
0.2,5,proposed,0,1070,0.127410888671875,0.19620589224384807,0.03434563388000132,5.712688033596767,0.98828125
0.2,5,oracle_sync,0,1070,0.12690024077892303,0.19620589224384807,0.0,1962058922.4384806,1.0
0.2,5,adjoint_slice,1,2070,0.14533081650733948,0.19702985980757307,0.19702985980757307,0.9999999994924627,0.35546875
0.2,5,proposed_no_update,1,2070,0.14467774331569672,0.19702985980757307,0.19702985980757307,0.9999999994924627,0.35546875
0.2,5,proposed,1,2070,0.12239991128444672,0.19702985980757307,0.034158281498175735,5.768143202440712,0.9921875
0.2,5,oracle_sync,1,2070,0.12199707329273224,0.19702985980757307,0.0,1970298598.0757306,1.0
0.2,5,adjoint_slice,2,3070,0.1558939665555954,0.2131189655041959,0.2131189655041959,0.9999999995307784,0.35546875
0.2,5,proposed_no_update,2,3070,0.15684612095355988,0.2131189655041959,0.2131189655041959,0.9999999995307784,0.35546875
0.2,5,proposed,2,3070,0.13289184868335724,0.2131189655041959,0.03819712192934805,5.579450863875291,0.9765625
0.2,5,oracle_sync,2,3070,0.13233236968517303,0.2131189655041959,0.0,2131189655.041959,1.0
0.2,5,adjoint_slice,3,4070,0.14711101353168488,0.2060627562238716,0.2060627562238716,0.9999999995147109,0.37890625
0.2,5,proposed_no_update,3,4070,0.14773356914520264,0.2060627562238716,0.2060627562238716,0.9999999995147109,0.37890625
0.2,5,proposed,3,4070,0.12368571758270264,0.2060627562238716,0.03923513335703367,5.251995802423625,0.984375
0.2,5,oracle_sync,3,4070,0.12305908650159836,0.2060627562238716,0.0,2060627562.238716,1.0
0.2,5,adjoint_slice,4,5070,0.14488525688648224,0.19655102397188587,0.19655102397188587,0.9999999994912262,0.40625
0.2,5,proposed_no_update,4,5070,0.14519856870174408,0.19655102397188587,0.19655102397188587,0.9999999994912262,0.40625
0.2,5,proposed,4,5070,0.12325643748044968,0.19655102397188587,0.036666827623620266,5.360458926346399,0.984375
0.2,5,oracle_sync,4,5070,0.12232869863510132,0.19655102397188587,0.0,1965510239.7188587,1.0
0.2,5,adjoint_slice,5,6070,0.14233602583408356,0.17793408623443516,0.17793408623443516,0.9999999994379941,0.4765625
0.2,5,proposed_no_update,5,6070,0.14166463911533356,0.17793408623443516,0.17793408623443516,0.9999999994379941,0.4765625
0.2,5,proposed,5,6070,0.12419230490922928,0.17793408623443516,0.038681638434360295,4.599962488051768,0.9765625
0.2,5,oracle_sync,5,6070,0.12321777641773224,0.17793408623443516,0.0,1779340862.3443515,1.0
0.2,5,adjoint_slice,6,7070,0.14575603604316711,0.20983279285749917,0.20983279285749917,0.99999999952343,0.37109375
0.2,5,proposed_no_update,6,7070,0.14604899287223816,0.20983279285749917,0.20983279285749917,0.99999999952343,0.37109375
0.2,5,proposed,6,7070,0.1217651441693306,0.20983279285749917,0.04176742013185862,5.023838956121273,0.984375
0.2,5,oracle_sync,6,7070,0.1207275465130806,0.20983279285749917,0.0,2098327928.5749917,1.0
0.2,5,adjoint_slice,7,8070,0.13759562373161316,0.19036350140949318,0.19036350140949318,0.9999999994746892,0.3828125
0.2,5,proposed_no_update,7,8070,0.13780111074447632,0.19036350140949318,0.19036350140949318,0.9999999994746892,0.3828125
0.2,5,proposed,7,8070,0.11503296345472336,0.19036350140949318,0.036842627119242195,5.166936122027421,0.97265625
0.2,5,oracle_sync,7,8070,0.11439616233110428,0.19036350140949318,0.0,1903635014.0949318,1.0
0.2,5,adjoint_slice,8,9070,0.14583741128444672,0.20292160015669353,0.20292160015669353,0.9999999995071988,0.375
0.2,5,proposed_no_update,8,9070,0.14658814668655396,0.20292160015669353,0.20292160015669353,0.9999999995071988,0.375
0.2,5,proposed,8,9070,0.12298788130283356,0.20292160015669353,0.03833765411972773,5.293010338965247,0.9765625
0.2,5,oracle_sync,8,9070,0.12209676951169968,0.20292160015669353,0.0,2029216001.5669353,1.0
0.2,5,adjoint_slice,9,10070,0.15317383408546448,0.1843563730853963,0.1843563730853963,0.9999999994575722,0.40625
0.2,5,proposed_no_update,9,10070,0.1524251401424408,0.1843563730853963,0.1843563730853963,0.9999999994575722,0.40625
0.2,5,proposed,9,10070,0.13440145552158356,0.1843563730853963,0.036237202872173566,5.087489043427634,0.98046875
0.2,5,oracle_sync,9,10070,0.13375040888786316,0.1843563730853963,0.0,1843563730.853963,1.0
0.2,10,adjoint_slice,0,1120,0.12362264841794968,0.20595540679400146,0.20595540679400146,0.999999999514458,0.37890625
0.2,10,proposed_no_update,0,1120,0.12329509109258652,0.20595540679400146,0.20595540679400146,0.999999999514458,0.37890625
0.2,10,proposed,0,1120,0.09602051228284836,0.20595540679400146,0.028116378474394348,7.325104342618488,0.9921875
0.2,10,oracle_sync,0,1120,0.09568685293197632,0.20595540679400146,0.0,2059554067.9400144,1.0
0.2,10,adjoint_slice,1,2120,0.12894085049629211,0.19343253432769017,0.19343253432769017,0.9999999994830239,0.3984375
0.2,10,proposed_no_update,1,2120,0.1305135190486908,0.19343253432769017,0.19343253432769017,0.9999999994830239,0.3984375
0.2,10,proposed,1,2120,0.1087239608168602,0.19343253432769017,0.027705805389249084,6.981660735427793,0.984375
0.2,10,oracle_sync,1,2120,0.1083679273724556,0.19343253432769017,0.0,1934325343.2769017,1.0
0.2,10,adjoint_slice,2,3120,0.12478028237819672,0.19820602386905467,0.19820602386905467,0.9999999994954745,0.40234375
0.2,10,proposed_no_update,2,3120,0.12509359419345856,0.19820602386905467,0.19820602386905467,0.9999999994954745,0.40234375
0.2,10,proposed,2,3120,0.09816081076860428,0.19820602386905467,0.02850365264773446,6.9537060959602295,0.984375
0.2,10,oracle_sync,2,3120,0.09774577617645264,0.19820602386905467,0.0,1982060238.6905468,1.0
0.2,10,adjoint_slice,3,4120,0.12025350332260132,0.1922535134891959,0.1922535134891959,0.9999999994798534,0.4453125
0.2,10,proposed_no_update,3,4120,0.11953939497470856,0.1922535134891959,0.1922535134891959,0.9999999994798534,0.4453125
0.2,10,proposed,3,4120,0.0950419157743454,0.1922535134891959,0.029071469186017183,6.613133708438538,0.99609375
0.2,10,oracle_sync,3,4120,0.09460043162107468,0.1922535134891959,0.0,1922535134.891959,1.0
0.2,10,adjoint_slice,4,5120,0.11666260659694672,0.2007611751788742,0.2007611751788742,0.9999999995018957,0.40234375
0.2,10,proposed_no_update,4,5120,0.11708374321460724,0.2007611751788742,0.2007611751788742,0.9999999995018957,0.40234375
0.2,10,proposed,4,5120,0.0890706405043602,0.2007611751788742,0.027577548599024955,7.279877460101173,0.9921875
0.2,10,oracle_sync,4,5120,0.08872274309396744,0.2007611751788742,0.0,2007611751.788742,1.0
0.2,10,adjoint_slice,5,6120,0.11638183891773224,0.19588832300634418,0.19588832300634418,0.999999999489505,0.37109375
0.2,10,proposed_no_update,5,6120,0.11670126020908356,0.19588832300634418,0.19588832300634418,0.999999999489505,0.37109375
0.2,10,proposed,5,6120,0.09101156145334244,0.19588832300634418,0.02674443435855594,7.324451870907915,0.99609375
0.2,10,oracle_sync,5,6120,0.0905863493680954,0.19588832300634418,0.0,1958883230.0634418,1.0
0.2,10,adjoint_slice,6,7120,0.12896119058132172,0.21184408091033582,0.21184408091033582,0.9999999995279547,0.34765625
0.2,10,proposed_no_update,6,7120,0.12850138545036316,0.21184408091033582,0.21184408091033582,0.9999999995279547,0.34765625
0.2,10,proposed,6,7120,0.10095825791358948,0.21184408091033582,0.027400428673543125,7.731414813292443,0.9921875
0.2,10,oracle_sync,6,7120,0.1003926619887352,0.21184408091033582,0.0,2118440809.1033583,1.0
0.2,10,adjoint_slice,7,8120,0.12217611074447632,0.1948629260021928,0.1948629260021928,0.9999999994868187,0.45703125
0.2,10,proposed_no_update,7,8120,0.12244059890508652,0.1948629260021928,0.1948629260021928,0.9999999994868187,0.45703125
0.2,10,proposed,7,8120,0.09848226606845856,0.1948629260021928,0.026418651656605865,7.375960279784837,0.9921875
0.2,10,oracle_sync,7,8120,0.09789836406707764,0.1948629260021928,0.0,1948629260.0219278,1.0
0.2,10,adjoint_slice,8,9120,0.11718343943357468,0.19895571133146475,0.19895571133146475,0.9999999994973755,0.359375
0.2,10,proposed_no_update,8,9120,0.11738688498735428,0.19895571133146475,0.19895571133146475,0.9999999994973755,0.359375
0.2,10,proposed,8,9120,0.09237468242645264,0.19895571133146475,0.02922468017975422,6.8077977047808425,0.99609375
0.2,10,oracle_sync,8,9120,0.0920003280043602,0.19895571133146475,0.0,1989557113.3146474,1.0
0.2,10,adjoint_slice,9,10120,0.12219849228858948,0.1863587848774951,0.1863587848774951,0.9999999994634006,0.45703125
0.2,10,proposed_no_update,9,10120,0.1232299879193306,0.1863587848774951,0.1863587848774951,0.9999999994634006,0.45703125
0.2,10,proposed,9,10120,0.10007324814796448,0.1863587848774951,0.02926856834185307,6.367198493077246,0.984375
0.2,10,oracle_sync,9,10120,0.09955241531133652,0.1863587848774951,0.0,1863587848.774951,1.0
0.2,15,adjoint_slice,0,1170,0.12989503145217896,0.20563887390423777,0.20563887390423777,0.9999999995137105,0.34765625
0.2,15,proposed_no_update,0,1170,0.13004964590072632,0.20563887390423777,0.20563887390423777,0.9999999995137105,0.34765625
0.2,15,proposed,0,1170,0.10326538980007172,0.20563887390423777,0.020599523334814587,9.982700549115334,0.99609375
0.2,15,oracle_sync,0,1170,0.10285238176584244,0.20563887390423777,0.0,2056388739.0423777,1.0
0.2,15,adjoint_slice,1,2170,0.11891276389360428,0.19928209198950347,0.19928209198950347,0.9999999994981987,0.3828125
0.2,15,proposed_no_update,1,2170,0.1194966733455658,0.19928209198950347,0.19928209198950347,0.9999999994981987,0.3828125
0.2,15,proposed,1,2170,0.09157511591911316,0.19928209198950347,0.022160722317242774,8.992581028606107,0.9921875
0.2,15,oracle_sync,1,2170,0.09114786982536316,0.19928209198950347,0.0,1992820919.8950346,1.0
0.2,15,adjoint_slice,2,3170,0.12296753376722336,0.2092144156390586,0.2092144156390586,0.9999999995220215,0.32421875
0.2,15,proposed_no_update,2,3170,0.12319336831569672,0.2092144156390586,0.2092144156390586,0.9999999995220215,0.32421875
0.2,15,proposed,2,3170,0.09634806960821152,0.2092144156390586,0.0223418393910953,9.364243070605012,0.99609375
0.2,15,oracle_sync,2,3170,0.0959065780043602,0.2092144156390586,0.0,2092144156.390586,1.0
0.2,15,adjoint_slice,3,4170,0.12237142771482468,0.20203782445552904,0.20203782445552904,0.9999999995050431,0.375
0.2,15,proposed_no_update,3,4170,0.12275797873735428,0.20203782445552904,0.20203782445552904,0.9999999995050431,0.375
0.2,15,proposed,3,4170,0.09419352561235428,0.20203782445552904,0.021977535431663364,9.19292448256767,0.99609375
0.2,15,oracle_sync,3,4170,0.0939432829618454,0.20203782445552904,0.0,2020378244.5552902,1.0
0.2,15,adjoint_slice,4,5170,0.1210225522518158,0.1964688871359383,0.1964688871359383,0.9999999994910135,0.3984375
0.2,15,proposed_no_update,4,5170,0.12143148481845856,0.1964688871359383,0.1964688871359383,0.9999999994910135,0.3984375
0.2,15,proposed,4,5170,0.09707845747470856,0.1964688871359383,0.02102409277740599,9.344940030543622,0.9921875
0.2,15,oracle_sync,4,5170,0.09671834856271744,0.1964688871359383,0.0,1964688871.3593829,1.0
0.2,15,adjoint_slice,5,6170,0.1188964918255806,0.19339053740543574,0.19339053740543574,0.9999999994829116,0.41015625
0.2,15,proposed_no_update,5,6170,0.1192627027630806,0.19339053740543574,0.19339053740543574,0.9999999994829116,0.41015625
0.2,15,proposed,5,6170,0.09777018427848816,0.19339053740543574,0.027150940680662317,7.12279323827976,0.984375
0.2,15,oracle_sync,5,6170,0.09714356064796448,0.19339053740543574,0.0,1933905374.0543573,1.0
0.2,15,adjoint_slice,6,7170,0.13980917632579803,0.19087636243939488,0.19087636243939488,0.9999999994761006,0.38671875
0.2,15,proposed_no_update,6,7170,0.1389567106962204,0.19087636243939488,0.19087636243939488,0.9999999994761006,0.38671875
0.2,15,proposed,6,7170,0.11865438520908356,0.19087636243939488,0.020735131340031555,9.205457076143057,1.0
0.2,15,oracle_sync,6,7170,0.11864828318357468,0.19087636243939488,0.0,1908763624.3939488,1.0
0.2,15,adjoint_slice,7,8170,0.12317708879709244,0.19411090003843567,0.19411090003843567,0.9999999994848305,0.38671875
0.2,15,proposed_no_update,7,8170,0.12346599251031876,0.19411090003843567,0.19411090003843567,0.9999999994848305,0.38671875
0.2,15,proposed,7,8170,0.10122274607419968,0.19411090003843567,0.022414074636575278,8.660223646068493,0.99609375
0.2,15,oracle_sync,7,8170,0.10104981064796448,0.19411090003843567,0.0,1941109000.3843567,1.0
0.2,15,adjoint_slice,8,9170,0.12728475034236908,0.1944800961702297,0.1944800961702297,0.9999999994858085,0.3671875
0.2,15,proposed_no_update,8,9170,0.12885132431983948,0.1944800961702297,0.1944800961702297,0.9999999994858085,0.3671875
0.2,15,proposed,8,9170,0.10612793266773224,0.1944800961702297,0.021222412985409826,9.1639011731391,0.9921875
0.2,15,oracle_sync,8,9170,0.10610759258270264,0.1944800961702297,0.0,1944800961.702297,1.0
0.2,15,adjoint_slice,9,10170,0.12558594346046448,0.1950146565433092,0.1950146565433092,0.999999999487218,0.40234375
0.2,15,proposed_no_update,9,10170,0.12545369565486908,0.1950146565433092,0.1950146565433092,0.999999999487218,0.40234375
0.2,15,proposed,9,10170,0.10449422895908356,0.1950146565433092,0.02060772484264509,9.463182233170773,0.99609375
0.2,15,oracle_sync,9,10170,0.10429077595472336,0.1950146565433092,0.0,1950146565.433092,1.0
0.2,20,adjoint_slice,0,1220,0.13205567002296448,0.2052756748755014,0.2052756748755014,0.9999999995128501,0.39453125
0.2,20,proposed_no_update,0,1220,0.13224081695079803,0.2052756748755014,0.2052756748755014,0.9999999995128501,0.39453125
0.2,20,proposed,0,1220,0.10858358442783356,0.2052756748755014,0.020390984380889744,10.066982056108374,0.99609375
0.2,20,oracle_sync,0,1220,0.10839030146598816,0.2052756748755014,0.0,2052756748.755014,1.0
0.2,20,adjoint_slice,1,2220,0.14304403960704803,0.210316801969132,0.210316801969132,0.9999999995245268,0.3515625
0.2,20,proposed_no_update,1,2220,0.1422017514705658,0.210316801969132,0.210316801969132,0.9999999995245268,0.3515625
0.2,20,proposed,1,2220,0.11737874895334244,0.210316801969132,0.02045230112434936,10.283283023366614,0.99609375
0.2,20,oracle_sync,1,2220,0.11708170920610428,0.210316801969132,0.0,2103168019.69132,1.0
0.2,20,adjoint_slice,2,3220,0.1344401091337204,0.20745260168845953,0.20745260168845953,0.9999999995179621,0.42578125
0.2,20,proposed_no_update,2,3220,0.13430990278720856,0.20745260168845953,0.20745260168845953,0.9999999995179621,0.42578125
0.2,20,proposed,2,3220,0.10878296196460724,0.20745260168845953,0.020629927536288523,10.055905446975274,1.0
0.2,20,oracle_sync,2,3220,0.10880127549171448,0.20745260168845953,0.0,2074526016.8845952,1.0
0.2,20,adjoint_slice,3,4220,0.1471354216337204,0.2084359445624909,0.2084359445624909,0.9999999995202362,0.3671875
0.2,20,proposed_no_update,3,4220,0.14622803032398224,0.2084359445624909,0.2084359445624909,0.9999999995202362,0.3671875
0.2,20,proposed,3,4220,0.11980998516082764,0.2084359445624909,0.02099317616031342,9.928747416679814,0.9921875
0.2,20,oracle_sync,3,4220,0.11932780593633652,0.2084359445624909,0.0,2084359445.624909,1.0
0.2,20,adjoint_slice,4,5220,0.14269410073757172,0.21508559896592147,0.21508559896592147,0.9999999995350688,0.375
0.2,20,proposed_no_update,4,5220,0.14349162578582764,0.21508559896592147,0.21508559896592147,0.9999999995350688,0.375
0.2,20,proposed,4,5220,0.11884969472885132,0.21508559896592147,0.02285823123588258,9.409546863246705,0.99609375
0.2,20,oracle_sync,4,5220,0.11852824687957764,0.21508559896592147,0.0,2150855989.6592145,1.0
0.2,20,adjoint_slice,5,6220,0.1267801970243454,0.20172097446661788,0.20172097446661788,0.9999999995042657,0.36328125
0.2,20,proposed_no_update,5,6220,0.1275634765625,0.20172097446661788,0.20172097446661788,0.9999999995042657,0.36328125
0.2,20,proposed,5,6220,0.10179443657398224,0.20172097446661788,0.019103175467644878,10.559551931683728,0.99609375
0.2,20,oracle_sync,5,6220,0.10145467519760132,0.20172097446661788,0.0,2017209744.6661787,1.0
0.2,20,adjoint_slice,6,7220,0.13002930581569672,0.18898013197474622,0.18898013197474622,0.9999999994708438,0.44140625
0.2,20,proposed_no_update,6,7220,0.12935180962085724,0.18898013197474622,0.18898013197474622,0.9999999994708438,0.44140625
0.2,20,proposed,6,7220,0.1080830916762352,0.18898013197474622,0.019814558681629176,9.537438307733444,0.99609375
0.2,20,oracle_sync,6,7220,0.10791626572608948,0.18898013197474622,0.0,1889801319.7474623,1.0
0.2,20,adjoint_slice,7,8220,0.14165039360523224,0.19933128891041932,0.19933128891041932,0.9999999994983225,0.42578125
0.2,20,proposed_no_update,7,8220,0.14120687544345856,0.19933128891041932,0.19933128891041932,0.9999999994983225,0.42578125
0.2,20,proposed,7,8220,0.11848144978284836,0.19933128891041932,0.020166563703916583,9.884246560224941,0.98828125
0.2,20,oracle_sync,7,8220,0.11807861924171448,0.19933128891041932,0.0,1993312889.1041932,1.0
0.2,20,adjoint_slice,8,9220,0.1437378078699112,0.19493623348518074,0.19493623348518074,0.9999999994870117,0.40625
0.2,20,proposed_no_update,8,9220,0.1426188200712204,0.19493623348518074,0.19493623348518074,0.9999999994870117,0.40625
0.2,20,proposed,8,9220,0.12242839485406876,0.19493623348518074,0.020048137829733095,9.723408436654543,0.99609375
0.2,20,oracle_sync,8,9220,0.12215780466794968,0.19493623348518074,0.0,1949362334.8518074,1.0
0.2,20,adjoint_slice,9,10220,0.13740642368793488,0.21408420226589792,0.21408420226589792,0.999999999532894,0.36328125
0.2,20,proposed_no_update,9,10220,0.13679607212543488,0.21408420226589792,0.21408420226589792,0.999999999532894,0.36328125
0.2,20,proposed,9,10220,0.10922038555145264,0.21408420226589792,0.020866484696701448,10.25971572843645,0.9921875
0.2,20,oracle_sync,9,10220,0.10921020805835724,0.21408420226589792,0.0,2140842022.6589792,1.0
0.2,25,adjoint_slice,0,1270,0.13829346001148224,0.20786839633694895,0.20786839633694895,0.9999999995189264,0.3828125
0.2,25,proposed_no_update,0,1270,0.13768108189105988,0.20786839633694895,0.20786839633694895,0.9999999995189264,0.3828125
0.2,25,proposed,0,1270,0.11167602986097336,0.20786839633694895,0.01955927976046248,10.627609902813358,0.9921875
0.2,25,oracle_sync,0,1270,0.11159465461969376,0.20786839633694895,0.0,2078683963.3694894,1.0
0.2,25,adjoint_slice,1,2270,0.15402425825595856,0.2039871530937913,0.2039871530937913,0.999999999509773,0.39453125
0.2,25,proposed_no_update,1,2270,0.15546469390392303,0.2039871530937913,0.2039871530937913,0.999999999509773,0.39453125
0.2,25,proposed,1,2270,0.13365072011947632,0.2039871530937913,0.019888906455536235,10.256328196031966,0.99609375
0.2,25,oracle_sync,1,2270,0.13358765840530396,0.2039871530937913,0.0,2039871530.937913,1.0
0.2,25,adjoint_slice,2,3270,0.12381388992071152,0.19568227546479164,0.19568227546479164,0.9999999994889675,0.4140625
0.2,25,proposed_no_update,2,3270,0.12438558787107468,0.19568227546479164,0.19568227546479164,0.9999999994889675,0.4140625
0.2,25,proposed,2,3270,0.10048218071460724,0.19568227546479164,0.025197596406725115,7.765910348336795,0.9921875
0.2,25,oracle_sync,2,3270,0.10019735246896744,0.19568227546479164,0.0,1956822754.6479163,1.0
0.2,25,adjoint_slice,3,4270,0.12363892048597336,0.19230283652213312,0.19230283652213312,0.9999999994799869,0.37890625
0.2,25,proposed_no_update,3,4270,0.12384644150733948,0.19230283652213312,0.19230283652213312,0.9999999994799869,0.37890625
0.2,25,proposed,3,4270,0.10425415635108948,0.19230283652213312,0.019234817927105723,9.997642621372336,1.0
0.2,25,oracle_sync,3,4270,0.10414429008960724,0.19230283652213312,0.0,1923028365.2213311,1.0
0.2,25,adjoint_slice,4,5270,0.13443197309970856,0.199627546399448,0.199627546399448,0.999999999499067,0.41015625
0.2,25,proposed_no_update,4,5270,0.13386638462543488,0.199627546399448,0.199627546399448,0.999999999499067,0.41015625
0.2,25,proposed,4,5270,0.10843099653720856,0.199627546399448,0.019902745893415157,10.030150938242137,0.99609375
0.2,25,oracle_sync,4,5270,0.10842692852020264,0.199627546399448,0.0,1996275463.99448,1.0
0.2,25,adjoint_slice,5,6270,0.13453979790210724,0.20366597884432522,0.20366597884432522,0.999999999509,0.36328125
0.2,25,proposed_no_update,5,6270,0.13496094942092896,0.20366597884432522,0.20366597884432522,0.999999999509,0.36328125
0.2,25,proposed,5,6270,0.1116231307387352,0.20366597884432522,0.021247548348043103,9.585387196191231,0.99609375
0.2,25,oracle_sync,5,6270,0.11148885637521744,0.20366597884432522,0.0,2036659788.443252,1.0
0.2,25,adjoint_slice,6,7270,0.12563680112361908,0.19808528262207684,0.19808528262207684,0.9999999994951669,0.359375
0.2,25,proposed_no_update,6,7270,0.1268310546875,0.19808528262207684,0.19808528262207684,0.9999999994951669,0.359375
0.2,25,proposed,6,7270,0.1013387069106102,0.19808528262207684,0.021587266160433955,9.176024431826082,0.9921875
0.2,25,oracle_sync,6,7270,0.1013488844037056,0.19808528262207684,0.0,1980852826.2207682,1.0
0.2,25,adjoint_slice,7,8270,0.1457112729549408,0.20280348763451744,0.20280348763451744,0.9999999995069118,0.359375
0.2,25,proposed_no_update,7,8270,0.14633587002754211,0.20280348763451744,0.20280348763451744,0.9999999995069118,0.359375
0.2,25,proposed,7,8270,0.12431437522172928,0.20280348763451744,0.017219874353472674,11.777291883427102,1.0
0.2,25,oracle_sync,7,8270,0.12434285879135132,0.20280348763451744,0.0,2028034876.3451743,1.0
0.2,25,adjoint_slice,8,9270,0.12505289912223816,0.20069305283702898,0.20069305283702898,0.9999999995017266,0.3671875
0.2,25,proposed_no_update,8,9270,0.1256307065486908,0.20069305283702898,0.20069305283702898,0.9999999995017266,0.3671875
0.2,25,proposed,8,9270,0.1003418043255806,0.20069305283702898,0.02323202432765262,8.638638163540667,0.99609375
0.2,25,oracle_sync,8,9270,0.1001993864774704,0.20069305283702898,0.0,2006930528.3702898,1.0
0.2,25,adjoint_slice,9,10270,0.1289774626493454,0.19155842654554797,0.19155842654554797,0.999999999477966,0.3828125
0.2,25,proposed_no_update,9,10270,0.12927450239658356,0.19155842654554797,0.19155842654554797,0.999999999477966,0.3828125
0.2,25,proposed,9,10270,0.10673421621322632,0.19155842654554797,0.019474131757369024,9.836557950236028,1.0
0.2,25,oracle_sync,9,10270,0.10640055686235428,0.19155842654554797,0.0,1915584265.4554796,1.0
0.3,-5,adjoint_slice,0,980,0.3465210199356079,0.2900956801559994,0.2900956801559994,0.9999999996552861,0.234375
0.3,-5,proposed_no_update,0,980,0.34692180156707764,0.2900956801559994,0.2900956801559994,0.9999999996552861,0.234375
0.3,-5,proposed,0,980,0.32900798320770264,0.2900956801559994,0.14814340811927498,1.9582084929935812,0.578125
0.3,-5,oracle_sync,0,980,0.32395631074905396,0.2900956801559994,0.0,2900956801.5599937,1.0
0.3,-5,adjoint_slice,1,1980,0.34149986505508423,0.30700365678166375,0.30700365678166375,0.999999999674271,0.22265625
0.3,-5,proposed_no_update,1,1980,0.34150800108909607,0.30700365678166375,0.30700365678166375,0.999999999674271,0.22265625
0.3,-5,proposed,1,1980,0.32206830382347107,0.30700365678166375,0.1692427493612963,1.813984101291569,0.5859375
0.3,-5,oracle_sync,1,1980,0.31517741084098816,0.30700365678166375,0.0,3070036567.8166375,1.0
0.3,-5,adjoint_slice,2,2980,0.3412882685661316,0.28625967001370084,0.28625967001370084,0.9999999996506668,0.30078125
0.3,-5,proposed_no_update,2,2980,0.3410786986351013,0.28625967001370084,0.28625967001370084,0.9999999996506668,0.30078125
0.3,-5,proposed,2,2980,0.3232625424861908,0.28625967001370084,0.14358708772094983,1.993631003719922,0.546875
0.3,-5,oracle_sync,2,2980,0.3182576596736908,0.28625967001370084,0.0,2862596700.137008,1.0
0.3,-5,adjoint_slice,3,3980,0.3361409604549408,0.27462022956763044,0.27462022956763044,0.9999999996358607,0.2890625
0.3,-5,proposed_no_update,3,3980,0.3363139033317566,0.27462022956763044,0.27462022956763044,0.9999999996358607,0.2890625
0.3,-5,proposed,3,3980,0.3202250301837921,0.27462022956763044,0.14129593078172575,1.9435820115549267,0.5703125
0.3,-5,oracle_sync,3,3980,0.31547650694847107,0.27462022956763044,0.0,2746202295.6763043,1.0
0.3,-5,adjoint_slice,4,4980,0.34045207500457764,0.2931553835699527,0.2931553835699527,0.999999999658884,0.27734375
0.3,-5,proposed_no_update,4,4980,0.3403076231479645,0.2931553835699527,0.2931553835699527,0.999999999658884,0.27734375
0.3,-5,proposed,4,4980,0.3221801817417145,0.2931553835699527,0.1542416433351887,1.9006240924367135,0.56640625
0.3,-5,oracle_sync,4,4980,0.3164408504962921,0.2931553835699527,0.0,2931553835.699527,1.0
0.3,-5,adjoint_slice,5,5980,0.3545796871185303,0.3042377667782615,0.3042377667782615,0.9999999996713097,0.26953125
0.3,-5,proposed_no_update,5,5980,0.35534465312957764,0.3042377667782615,0.3042377667782615,0.9999999996713097,0.26953125
0.3,-5,proposed,5,5980,0.33564862608909607,0.3042377667782615,0.16785088348001898,1.8125479013830943,0.51953125
0.3,-5,oracle_sync,5,5980,0.32905274629592896,0.3042377667782615,0.0,3042377667.7826147,1.0
0.3,-5,adjoint_slice,6,6980,0.3444254696369171,0.31776492078599233,0.31776492078599233,0.999999999685302,0.23828125
0.3,-5,proposed_no_update,6,6980,0.3444763422012329,0.31776492078599233,0.31776492078599233,0.999999999685302,0.23828125
0.3,-5,proposed,6,6980,0.3218485713005066,0.31776492078599233,0.16867723268778234,1.8838637291719236,0.5625
0.3,-5,oracle_sync,6,6980,0.3151347041130066,0.31776492078599233,0.0,3177649207.8599234,1.0
0.3,-5,adjoint_slice,7,7980,0.3433024287223816,0.2985251259244578,0.2985251259244578,0.9999999996650198,0.34375
0.3,-5,proposed_no_update,7,7980,0.3436645567417145,0.2985251259244578,0.2985251259244578,0.9999999996650198,0.34375
0.3,-5,proposed,7,7980,0.3244974911212921,0.2985251259244578,0.16135351686920585,1.8501308898115372,0.546875
0.3,-5,oracle_sync,7,7980,0.3183248043060303,0.2985251259244578,0.0,2985251259.244578,1.0
0.3,-5,adjoint_slice,8,8980,0.3423157036304474,0.29012084327626797,0.29012084327626797,0.999999999655316,0.26171875
0.3,-5,proposed_no_update,8,8980,0.3428345024585724,0.29012084327626797,0.29012084327626797,0.999999999655316,0.26171875
0.3,-5,proposed,8,8980,0.3244995176792145,0.29012084327626797,0.15202674542804376,1.9083539693530474,0.578125
0.3,-5,oracle_sync,8,8980,0.31921592354774475,0.29012084327626797,0.0,2901208432.7626796,1.0
0.3,-5,adjoint_slice,9,9980,0.35123497247695923,0.3064624469855539,0.3064624469855539,0.9999999996736957,0.19921875
0.3,-5,proposed_no_update,9,9980,0.3505452573299408,0.3064624469855539,0.3064624469855539,0.9999999996736957,0.19921875
0.3,-5,proposed,9,9980,0.33044639229774475,0.3064624469855539,0.15586489517805907,1.9662057093666445,0.51953125
0.3,-5,oracle_sync,9,9980,0.3244995176792145,0.3064624469855539,0.0,3064624469.855539,1.0
0.3,0,adjoint_slice,0,1030,0.2471415400505066,0.2854768330494944,0.2854768330494944,0.9999999996497089,0.3125
0.3,0,proposed_no_update,0,1030,0.24726156890392303,0.2854768330494944,0.2854768330494944,0.9999999996497089,0.3125
0.3,0,proposed,0,1030,0.21293336153030396,0.2854768330494944,0.07762420657895518,3.6776779469089314,0.85546875
0.3,0,oracle_sync,0,1030,0.2109680324792862,0.2854768330494944,0.0,2854768330.4949436,1.0
0.3,0,adjoint_slice,1,2030,0.24181926250457764,0.27249554798374004,0.27249554798374004,0.9999999996330216,0.265625
0.3,0,proposed_no_update,1,2030,0.24188029766082764,0.27249554798374004,0.27249554798374004,0.9999999996330216,0.265625
0.3,0,proposed,1,2030,0.21167400479316711,0.27249554798374004,0.07430082984405735,3.6674630443416,0.8671875
0.3,0,oracle_sync,1,2030,0.20986126363277435,0.27249554798374004,0.0,2724955479.8374004,1.0
0.3,0,adjoint_slice,2,3030,0.2560933530330658,0.3239449864270373,0.3239449864270373,0.9999999996913056,0.23828125
0.3,0,proposed_no_update,2,3030,0.2559651732444763,0.3239449864270373,0.3239449864270373,0.9999999996913056,0.23828125
0.3,0,proposed,2,3030,0.21285808086395264,0.3239449864270373,0.10386411747899689,3.118930714263773,0.8046875
0.3,0,oracle_sync,2,3030,0.20864462852478027,0.3239449864270373,0.0,3239449864.270373,1.0
0.3,0,adjoint_slice,3,4030,0.2502177059650421,0.30222892301530424,0.30222892301530424,0.999999999669125,0.25
0.3,0,proposed_no_update,3,4030,0.24991455674171448,0.30222892301530424,0.30222892301530424,0.999999999669125,0.25
0.3,0,proposed,3,4030,0.21167400479316711,0.30222892301530424,0.08201887608312314,3.684870325954226,0.85546875
0.3,0,oracle_sync,3,4030,0.2092590481042862,0.30222892301530424,0.0,3022289230.1530423,1.0
0.3,0,adjoint_slice,4,5030,0.25553184747695923,0.30417286520927217,0.30417286520927217,0.9999999996712395,0.23046875
0.3,0,proposed_no_update,4,5030,0.2550557553768158,0.30417286520927217,0.30417286520927217,0.9999999996712395,0.23046875
0.3,0,proposed,4,5030,0.21781617403030396,0.30417286520927217,0.09062290848230434,3.3564676963884947,0.82421875
0.3,0,oracle_sync,4,5030,0.21435955166816711,0.30417286520927217,0.0,3041728652.0927215,1.0
0.3,0,adjoint_slice,5,6030,0.24953614175319672,0.29032235848517496,0.29032235848517496,0.9999999996555553,0.24609375
0.3,0,proposed_no_update,5,6030,0.24927368760108948,0.29032235848517496,0.29032235848517496,0.9999999996555553,0.24609375
0.3,0,proposed,5,6030,0.21470744907855988,0.29032235848517496,0.08812304227006203,3.294511295536092,0.859375
0.3,0,oracle_sync,5,6030,0.21259969472885132,0.29032235848517496,0.0,2903223584.8517494,1.0
0.3,0,adjoint_slice,6,7030,0.25348716974258423,0.2956186837881248,0.2956186837881248,0.9999999996617264,0.26953125
0.3,0,proposed_no_update,6,7030,0.25275474786758423,0.2956186837881248,0.2956186837881248,0.9999999996617264,0.26953125
0.3,0,proposed,6,7030,0.21674399077892303,0.2956186837881248,0.07898064741953507,3.7429255529337926,0.84375
0.3,0,oracle_sync,6,7030,0.2147827297449112,0.2956186837881248,0.0,2956186837.8812475,1.0
0.3,0,adjoint_slice,7,8030,0.2480916529893875,0.29778101880801155,0.29778101880801155,0.9999999996641827,0.2734375
0.3,0,proposed_no_update,7,8030,0.24825644493103027,0.29778101880801155,0.29778101880801155,0.9999999996641827,0.2734375
0.3,0,proposed,7,8030,0.21244508028030396,0.29778101880801155,0.10367784807978356,2.8721759183470086,0.79296875
0.3,0,oracle_sync,7,8030,0.20889690518379211,0.29778101880801155,0.0,2977810188.0801153,1.0
0.3,0,adjoint_slice,8,9030,0.2522644102573395,0.31570759297979417,0.31570759297979417,0.9999999996832512,0.27734375
0.3,0,proposed_no_update,8,9030,0.25240275263786316,0.31570759297979417,0.31570759297979417,0.9999999996832512,0.27734375
0.3,0,proposed,8,9030,0.21128743886947632,0.31570759297979417,0.10653780366336638,2.9633386631567866,0.80078125
0.3,0,oracle_sync,8,9030,0.20731812715530396,0.31570759297979417,0.0,3157075929.7979417,1.0
0.3,0,adjoint_slice,9,10030,0.25950726866722107,0.31748503502928926,0.31748503502928926,0.9999999996850245,0.2421875
0.3,0,proposed_no_update,9,10030,0.26011353731155396,0.31748503502928926,0.31748503502928926,0.9999999996850245,0.2421875
0.3,0,proposed,9,10030,0.22012737393379211,0.31748503502928926,0.09744940364564517,3.257947435552956,0.8046875
0.3,0,oracle_sync,9,10030,0.21711426973342896,0.31748503502928926,0.0,3174850350.2928925,1.0
0.3,5,adjoint_slice,0,1080,0.17550253868103027,0.2984676820873619,0.2984676820873619,0.9999999996649553,0.234375
0.3,5,proposed_no_update,0,1080,0.1752624660730362,0.2984676820873619,0.2984676820873619,0.9999999996649553,0.234375
0.3,5,proposed,0,1080,0.12307333201169968,0.2984676820873619,0.08829700870559382,3.380269457876056,0.9609375
0.3,5,oracle_sync,0,1080,0.12064819782972336,0.2984676820873619,0.0,2984676820.873619,1.0
0.3,5,adjoint_slice,1,2080,0.1977742612361908,0.29523196172000055,0.29523196172000055,0.9999999996612833,0.2421875
0.3,5,proposed_no_update,1,2080,0.19648438692092896,0.29523196172000055,0.29523196172000055,0.9999999996612833,0.2421875
0.3,5,proposed,1,2080,0.15084229409694672,0.29523196172000055,0.04803119393763252,6.146671296338913,0.9765625
0.3,5,oracle_sync,1,2080,0.15008953213691711,0.29523196172000055,0.0,2952319617.2000055,1.0
0.3,5,adjoint_slice,2,3080,0.18187867105007172,0.3075641573774547,0.3075641573774547,0.9999999996748645,0.3046875
0.3,5,proposed_no_update,2,3080,0.18170776963233948,0.3075641573774547,0.3075641573774547,0.9999999996748645,0.3046875
0.3,5,proposed,2,3080,0.12622274458408356,0.3075641573774547,0.05458346750596267,5.634749327355973,0.96484375
0.3,5,oracle_sync,2,3080,0.12462158501148224,0.3075641573774547,0.0,3075641573.7745466,1.0
0.3,5,adjoint_slice,3,4080,0.17623496055603027,0.3015225962940494,0.3015225962940494,0.9999999996683498,0.25390625
0.3,5,proposed_no_update,3,4080,0.17649739980697632,0.3015225962940494,0.3015225962940494,0.9999999996683498,0.25390625
0.3,5,proposed,3,4080,0.12061157822608948,0.3015225962940494,0.04355248688414724,6.92320042260276,0.98046875
0.3,5,oracle_sync,3,4080,0.1192016676068306,0.3015225962940494,0.0,3015225962.940494,1.0
0.3,5,adjoint_slice,4,5080,0.17293702065944672,0.29024031169243164,0.29024031169243164,0.9999999996554579,0.27734375
0.3,5,proposed_no_update,4,5080,0.17319336533546448,0.29024031169243164,0.29024031169243164,0.9999999996554579,0.27734375
0.3,5,proposed,4,5080,0.1220092847943306,0.29024031169243164,0.04342221006427306,6.684144141774608,0.97265625
0.3,5,oracle_sync,4,5080,0.1211547926068306,0.29024031169243164,0.0,2902403116.9243164,1.0
0.3,5,adjoint_slice,5,6080,0.17715658247470856,0.296347870158054,0.296347870158054,0.9999999996625587,0.26171875
0.3,5,proposed_no_update,5,6080,0.17778320610523224,0.296347870158054,0.296347870158054,0.9999999996625587,0.26171875
0.3,5,proposed,5,6080,0.12703044712543488,0.296347870158054,0.07568242391518748,3.915676248670164,0.97265625
0.3,5,oracle_sync,5,6080,0.12359416484832764,0.296347870158054,0.0,2963478701.58054,1.0
0.3,5,adjoint_slice,6,7080,0.17268270254135132,0.2944138443587628,0.2944138443587628,0.999999999660342,0.25
0.3,5,proposed_no_update,6,7080,0.17318522930145264,0.2944138443587628,0.2944138443587628,0.999999999660342,0.25
0.3,5,proposed,6,7080,0.11972860246896744,0.2944138443587628,0.05720100088927217,5.147005109473153,0.97265625
0.3,5,oracle_sync,6,7080,0.11792196333408356,0.2944138443587628,0.0,2944138443.587628,1.0
0.3,5,adjoint_slice,7,8080,0.17088216543197632,0.285584478960886,0.285584478960886,0.9999999996498409,0.28515625
0.3,5,proposed_no_update,7,8080,0.17164917290210724,0.285584478960886,0.285584478960886,0.9999999996498409,0.28515625
0.3,5,proposed,7,8080,0.12451579421758652,0.285584478960886,0.08449409218045559,3.3799342800555165,0.96875
0.3,5,oracle_sync,7,8080,0.12190552055835724,0.285584478960886,0.0,2855844789.60886,1.0
0.3,5,adjoint_slice,8,9080,0.1744588315486908,0.30246678114400527,0.30246678114400527,0.9999999996693851,0.265625
0.3,5,proposed_no_update,8,9080,0.17434287071228027,0.30246678114400527,0.30246678114400527,0.9999999996693851,0.265625
0.3,5,proposed,8,9080,0.11937663704156876,0.30246678114400527,0.06418752404518903,4.71223629781763,0.9609375
0.3,5,oracle_sync,8,9080,0.1173909530043602,0.30246678114400527,0.0,3024667811.4400525,1.0
0.3,5,adjoint_slice,9,10080,0.17661744356155396,0.30850983340918303,0.30850983340918303,0.9999999996758612,0.2421875
0.3,5,proposed_no_update,9,10080,0.1768697202205658,0.30850983340918303,0.30850983340918303,0.9999999996758612,0.2421875
0.3,5,proposed,9,10080,0.1214904859662056,0.30850983340918303,0.09870649372759445,3.1255272216237495,0.96484375
0.3,5,oracle_sync,9,10080,0.11950277537107468,0.30850983340918303,0.0,3085098334.0918303,1.0
0.3,10,adjoint_slice,0,1130,0.18151043355464935,0.32643510769156114,0.32643510769156114,0.9999999996936604,0.203125
0.3,10,proposed_no_update,0,1130,0.18013305962085724,0.32643510769156114,0.32643510769156114,0.9999999996936604,0.203125
0.3,10,proposed,0,1130,0.11863810569047928,0.32643510769156114,0.06991407557462813,4.669089944215979,0.984375
0.3,10,oracle_sync,0,1130,0.11631876975297928,0.32643510769156114,0.0,3264351076.9156113,1.0
0.3,10,adjoint_slice,1,2130,0.16185100376605988,0.29315551361706793,0.29315551361706793,0.9999999996588841,0.296875
0.3,10,proposed_no_update,1,2130,0.16316935420036316,0.29315551361706793,0.29315551361706793,0.9999999996588841,0.296875
0.3,10,proposed,1,2130,0.1081237867474556,0.29315551361706793,0.034048760884690124,8.609873168333028,0.984375
0.3,10,oracle_sync,1,2130,0.10731811821460724,0.29315551361706793,0.0,2931555136.170679,1.0
0.3,10,adjoint_slice,2,3130,0.1837666928768158,0.2960518281464664,0.2960518281464664,0.9999999996622213,0.23828125
0.3,10,proposed_no_update,2,3130,0.18208618462085724,0.2960518281464664,0.2960518281464664,0.9999999996622213,0.23828125
0.3,10,proposed,2,3130,0.13136190176010132,0.2960518281464664,0.037955569314430435,7.799957495405394,0.98046875
0.3,10,oracle_sync,2,3130,0.1304524838924408,0.2960518281464664,0.0,2960518281.464664,1.0
0.3,10,adjoint_slice,3,4130,0.18627727031707764,0.32637582098910967,0.32637582098910967,0.9999999996936048,0.24609375
0.3,10,proposed_no_update,3,4130,0.18797607719898224,0.32637582098910967,0.32637582098910967,0.9999999996936048,0.24609375
0.3,10,proposed,3,4130,0.12772217392921448,0.32637582098910967,0.10231480937768976,3.1899176928074864,0.96875
0.3,10,oracle_sync,3,4130,0.12549032270908356,0.32637582098910967,0.0,3263758209.8910966,1.0
0.3,10,adjoint_slice,4,5130,0.14553426206111908,0.27296474237247687,0.27296474237247687,0.9999999996336523,0.296875
0.3,10,proposed_no_update,4,5130,0.1452331691980362,0.27296474237247687,0.27296474237247687,0.9999999996336523,0.296875
0.3,10,proposed,4,5130,0.09532877802848816,0.27296474237247687,0.04044526047967908,6.748992056429539,0.97265625
0.3,10,oracle_sync,4,5130,0.09437256306409836,0.27296474237247687,0.0,2729647423.7247686,1.0
0.3,10,adjoint_slice,5,6130,0.19304607808589935,0.3276632698483999,0.3276632698483999,0.9999999996948086,0.1875
0.3,10,proposed_no_update,5,6130,0.19447225332260132,0.3276632698483999,0.3276632698483999,0.9999999996948086,0.1875
0.3,10,proposed,5,6130,0.13221639394760132,0.3276632698483999,0.07123827097958108,4.599539894537356,0.96875
0.3,10,oracle_sync,5,6130,0.13001303374767303,0.3276632698483999,0.0,3276632698.483999,1.0
0.3,10,adjoint_slice,6,7130,0.17827555537223816,0.3233647625101562,0.3233647625101562,0.9999999996907517,0.21875
0.3,10,proposed_no_update,6,7130,0.1794738918542862,0.3233647625101562,0.3233647625101562,0.9999999996907517,0.21875
0.3,10,proposed,6,7130,0.1179809644818306,0.3233647625101562,0.03908230467826333,8.273943011928104,0.9765625
0.3,10,oracle_sync,6,7130,0.11727499216794968,0.3233647625101562,0.0,3233647625.101562,1.0
0.3,10,adjoint_slice,7,8130,0.17827963829040527,0.2973133196221411,0.2973133196221411,0.9999999996636545,0.1953125
0.3,10,proposed_no_update,7,8130,0.18002930283546448,0.2973133196221411,0.2973133196221411,0.9999999996636545,0.1953125
0.3,10,proposed,7,8130,0.12829183042049408,0.2973133196221411,0.03562344352588391,8.346001659595702,0.97265625
0.3,10,oracle_sync,7,8130,0.12800700962543488,0.2973133196221411,0.0,2973133196.2214108,1.0
0.3,10,adjoint_slice,8,9130,0.17098185420036316,0.29705906409183036,0.29705906409183036,0.9999999996633666,0.27734375
0.3,10,proposed_no_update,8,9130,0.16984254121780396,0.29705906409183036,0.29705906409183036,0.9999999996633666,0.27734375
0.3,10,proposed,8,9130,0.11249390244483948,0.29705906409183036,0.030626024231133045,9.699563380476173,0.984375
0.3,10,oracle_sync,8,9130,0.11181844770908356,0.29705906409183036,0.0,2970590640.9183035,1.0
0.3,10,adjoint_slice,9,10130,0.15359090268611908,0.29641372868632065,0.29641372868632065,0.9999999996626336,0.2578125
0.3,10,proposed_no_update,9,10130,0.1539611965417862,0.29641372868632065,0.29641372868632065,0.9999999996626336,0.2578125
0.3,10,proposed,9,10130,0.0916748121380806,0.29641372868632065,0.028363946544998367,10.450369703349782,0.9921875
0.3,10,oracle_sync,9,10130,0.0910237655043602,0.29641372868632065,0.0,2964137286.8632064,1.0
0.3,15,adjoint_slice,0,1180,0.16851603984832764,0.3170707764631345,0.3170707764631345,0.999999999684613,0.22265625
0.3,15,proposed_no_update,0,1180,0.16904501616954803,0.3170707764631345,0.3170707764631345,0.999999999684613,0.22265625
0.3,15,proposed,0,1180,0.1059672087430954,0.3170707764631345,0.030925450146894896,10.252745681365473,0.984375
0.3,15,oracle_sync,0,1180,0.10547689348459244,0.3170707764631345,0.0,3170707764.631345,1.0
0.3,15,adjoint_slice,1,2180,0.1860148161649704,0.32337410875379186,0.32337410875379186,0.9999999996907606,0.28125
0.3,15,proposed_no_update,1,2180,0.18730877339839935,0.32337410875379186,0.32337410875379186,0.9999999996907606,0.28125
0.3,15,proposed,1,2180,0.12230632454156876,0.32337410875379186,0.04726972538841252,6.841040547888569,0.98828125
0.3,15,oracle_sync,1,2180,0.12090454995632172,0.32337410875379186,0.0,3233741087.5379186,1.0
0.3,15,adjoint_slice,2,3180,0.17763061821460724,0.30452940154095676,0.30452940154095676,0.9999999996716245,0.23828125
0.3,15,proposed_no_update,2,3180,0.17630819976329803,0.30452940154095676,0.30452940154095676,0.9999999996716245,0.23828125
0.3,15,proposed,2,3180,0.12177734822034836,0.30452940154095676,0.03923130950499776,7.762407235626978,0.98828125
0.3,15,oracle_sync,2,3180,0.12026368081569672,0.30452940154095676,0.0,3045294015.4095674,1.0
0.3,15,adjoint_slice,3,4180,0.17796428501605988,0.323111576965902,0.323111576965902,0.9999999996905093,0.20703125
0.3,15,proposed_no_update,3,4180,0.17773032188415527,0.323111576965902,0.323111576965902,0.9999999996905093,0.20703125
0.3,15,proposed,3,4180,0.11440430581569672,0.323111576965902,0.030697093913855795,10.525803413836456,0.984375
0.3,15,oracle_sync,3,4180,0.11400554329156876,0.323111576965902,0.0,3231115769.6590195,1.0
0.3,15,adjoint_slice,4,5180,0.16153362393379211,0.3085676802550914,0.3085676802550914,0.999999999675922,0.26953125
0.3,15,proposed_no_update,4,5180,0.1624349057674408,0.3085676802550914,0.3085676802550914,0.999999999675922,0.26953125
0.3,15,proposed,4,5180,0.1019999235868454,0.3085676802550914,0.09631289109114083,3.203804562804719,0.984375
0.3,15,oracle_sync,4,5180,0.09684448689222336,0.3085676802550914,0.0,3085676802.550914,1.0
0.3,15,adjoint_slice,5,6180,0.18653972446918488,0.3018455883667757,0.3018455883667757,0.9999999996687048,0.26953125
0.3,15,proposed_no_update,5,6180,0.18522340059280396,0.3018455883667757,0.3018455883667757,0.9999999996687048,0.26953125
0.3,15,proposed,5,6180,0.1335550993680954,0.3018455883667757,0.05394666047317986,5.595259931934348,0.9765625
0.3,15,oracle_sync,5,6180,0.1317037045955658,0.3018455883667757,0.0,3018455883.667757,1.0
0.3,15,adjoint_slice,6,7180,0.15742798149585724,0.29990845185691467,0.29990845185691467,0.9999999996665649,0.19921875
0.3,15,proposed_no_update,6,7180,0.15745647251605988,0.29990845185691467,0.29990845185691467,0.9999999996665649,0.19921875
0.3,15,proposed,6,7180,0.10047607868909836,0.29990845185691467,0.029413232391625136,10.196378515768641,0.984375
0.3,15,oracle_sync,6,7180,0.10020752251148224,0.29990845185691467,0.0,2999084518.5691466,1.0
0.3,15,adjoint_slice,7,8180,0.15329183638095856,0.28099268576140646,0.28099268576140646,0.9999999996441188,0.2890625
0.3,15,proposed_no_update,7,8180,0.15313313901424408,0.28099268576140646,0.28099268576140646,0.9999999996441188,0.2890625
0.3,15,proposed,7,8180,0.10449829697608948,0.28099268576140646,0.08827210306931636,3.1832558155143214,0.984375
0.3,15,oracle_sync,7,8180,0.10290324687957764,0.28099268576140646,0.0,2809926857.6140647,1.0
0.3,15,adjoint_slice,8,9180,0.16985270380973816,0.30774775088587675,0.30774775088587675,0.9999999996750585,0.22265625
0.3,15,proposed_no_update,8,9180,0.17119956016540527,0.30774775088587675,0.30774775088587675,0.9999999996750585,0.22265625
0.3,15,proposed,8,9180,0.1145528182387352,0.30774775088587675,0.046962884534943836,6.552999315908499,0.984375
0.3,15,oracle_sync,8,9180,0.11281535774469376,0.30774775088587675,0.0,3077477508.8587675,1.0
0.3,15,adjoint_slice,9,10180,0.15058797597885132,0.2852148884253111,0.2852148884253111,0.9999999996493871,0.3125
0.3,15,proposed_no_update,9,10180,0.1508077085018158,0.2852148884253111,0.2852148884253111,0.9999999996493871,0.3125
0.3,15,proposed,9,10180,0.09896036982536316,0.2852148884253111,0.024306002059219154,11.734339796276634,0.99609375
0.3,15,oracle_sync,9,10180,0.09878337383270264,0.2852148884253111,0.0,2852148884.253111,1.0
0.3,20,adjoint_slice,0,1230,0.15833741426467896,0.28435344796885903,0.28435344796885903,0.999999999648325,0.28125
0.3,20,proposed_no_update,0,1230,0.15788574516773224,0.28435344796885903,0.28435344796885903,0.999999999648325,0.28125
0.3,20,proposed,0,1230,0.10681763291358948,0.28435344796885903,0.09387730663070218,3.0289902626260843,0.98828125
0.3,20,oracle_sync,0,1230,0.10486247390508652,0.28435344796885903,0.0,2843534479.68859,1.0
0.3,20,adjoint_slice,1,2230,0.16773276031017303,0.3015504439868242,0.3015504439868242,0.9999999996683805,0.31640625
0.3,20,proposed_no_update,1,2230,0.1688029021024704,0.3015504439868242,0.3015504439868242,0.9999999996683805,0.31640625
0.3,20,proposed,1,2230,0.11623536050319672,0.3015504439868242,0.07380260198657086,4.085905313109474,0.984375
0.3,20,oracle_sync,1,2230,0.11399943381547928,0.3015504439868242,0.0,3015504439.868242,1.0
0.3,20,adjoint_slice,2,3230,0.16324260830879211,0.3099166275655393,0.3099166275655393,0.9999999996773326,0.24609375
0.3,20,proposed_no_update,2,3230,0.16276246309280396,0.3099166275655393,0.3099166275655393,0.9999999996773326,0.24609375
0.3,20,proposed,2,3230,0.09846802055835724,0.3099166275655393,0.09238905372350746,3.3544734439815658,0.98828125
0.3,20,oracle_sync,2,3230,0.09605306386947632,0.3099166275655393,0.0,3099166275.6553926,1.0
0.3,20,adjoint_slice,3,4230,0.16209717094898224,0.30710281601722617,0.30710281601722617,0.9999999996743761,0.23046875
0.3,20,proposed_no_update,3,4230,0.16222330927848816,0.30710281601722617,0.30710281601722617,0.9999999996743761,0.23046875
0.3,20,proposed,3,4230,0.10355021804571152,0.30710281601722617,0.026510714908034146,11.584101595304306,0.99609375
0.3,20,oracle_sync,3,4230,0.10347697138786316,0.30710281601722617,0.0,3071028160.1722617,1.0
0.3,20,adjoint_slice,4,5230,0.16130778193473816,0.2994166507880296,0.2994166507880296,0.9999999996660172,0.2734375
0.3,20,proposed_no_update,4,5230,0.1609598845243454,0.2994166507880296,0.2994166507880296,0.9999999996660172,0.2734375
0.3,20,proposed,4,5230,0.10705363750457764,0.2994166507880296,0.029632939952563886,10.104183056318895,0.984375
0.3,20,oracle_sync,4,5230,0.1064961776137352,0.2994166507880296,0.0,2994166507.8802958,1.0
0.3,20,adjoint_slice,5,6230,0.16902466118335724,0.3218201558528506,0.3218201558528506,0.9999999996892674,0.2421875
0.3,20,proposed_no_update,5,6230,0.16882732510566711,0.3218201558528506,0.3218201558528506,0.9999999996892674,0.2421875
0.3,20,proposed,5,6230,0.10442912578582764,0.3218201558528506,0.10496277762486646,3.066040770152075,0.96875
0.3,20,oracle_sync,5,6230,0.10044759511947632,0.3218201558528506,0.0,3218201558.5285063,1.0
0.3,20,adjoint_slice,6,7230,0.1566874235868454,0.27025106631162926,0.27025106631162926,0.9999999996299737,0.3125
0.3,20,proposed_no_update,6,7230,0.15613201260566711,0.27025106631162926,0.27025106631162926,0.9999999996299737,0.3125
0.3,20,proposed,6,7230,0.1141255721449852,0.27025106631162926,0.02643927919795389,10.221574622593579,0.98828125
0.3,20,oracle_sync,6,7230,0.11386922746896744,0.27025106631162926,0.0,2702510663.1162925,1.0
0.3,20,adjoint_slice,7,8230,0.16436158120632172,0.2882621629572293,0.2882621629572293,0.9999999996530935,0.2421875
0.3,20,proposed_no_update,7,8230,0.16371053457260132,0.2882621629572293,0.2882621629572293,0.9999999996530935,0.2421875
0.3,20,proposed,7,8230,0.11876628547906876,0.2882621629572293,0.09319001285777959,3.093273128825817,0.984375
0.3,20,oracle_sync,7,8230,0.11653035879135132,0.2882621629572293,0.0,2882621629.572293,1.0
0.3,20,adjoint_slice,8,9230,0.16419881582260132,0.3017929591093256,0.3017929591093256,0.9999999996686469,0.265625
0.3,20,proposed_no_update,8,9230,0.16312867403030396,0.3017929591093256,0.3017929591093256,0.9999999996686469,0.265625
0.3,20,proposed,8,9230,0.10828247666358948,0.3017929591093256,0.0905739483332155,3.332006215140902,0.98046875
0.3,20,oracle_sync,8,9230,0.10612589865922928,0.3017929591093256,0.0,3017929591.0932555,1.0
0.3,20,adjoint_slice,9,10230,0.16776937246322632,0.3103352231177599,0.3103352231177599,0.9999999996777678,0.234375
0.3,20,proposed_no_update,9,10230,0.1676432341337204,0.3103352231177599,0.3103352231177599,0.9999999996777678,0.234375
0.3,20,proposed,9,10230,0.10743001848459244,0.3103352231177599,0.10845723597309836,2.8613602407182785,0.98046875
0.3,20,oracle_sync,9,10230,0.10403239727020264,0.3103352231177599,0.0,3103352231.177599,1.0
0.3,25,adjoint_slice,0,1280,0.1499430388212204,0.28697979487557157,0.28697979487557157,0.9999999996515434,0.28515625
0.3,25,proposed_no_update,0,1280,0.15071004629135132,0.28697979487557157,0.28697979487557157,0.9999999996515434,0.28515625
0.3,25,proposed,0,1280,0.09955444931983948,0.28697979487557157,0.06123519195917977,4.686517429360302,0.96875
0.3,25,oracle_sync,0,1280,0.0969746932387352,0.28697979487557157,0.0,2869797948.7557154,1.0
0.3,25,adjoint_slice,1,2280,0.16316935420036316,0.3029595225372369,0.3029595225372369,0.9999999996699229,0.23046875
0.3,25,proposed_no_update,1,2280,0.16366374492645264,0.3029595225372369,0.3029595225372369,0.9999999996699229,0.23046875
0.3,25,proposed,1,2280,0.1062520369887352,0.3029595225372369,0.028810137096013724,10.515726477663407,0.9765625
0.3,25,oracle_sync,1,2280,0.10649210959672928,0.3029595225372369,0.0,3029595225.372369,1.0
0.3,25,adjoint_slice,2,3280,0.1629740446805954,0.2951390460637232,0.2951390460637232,0.9999999996611766,0.28125
0.3,25,proposed_no_update,2,3280,0.16319987177848816,0.2951390460637232,0.2951390460637232,0.9999999996611766,0.28125
0.3,25,proposed,2,3280,0.11071167886257172,0.2951390460637232,0.03206284137080253,9.205018411499381,0.984375
0.3,25,oracle_sync,2,3280,0.11029460281133652,0.2951390460637232,0.0,2951390460.637232,1.0
0.3,25,adjoint_slice,3,4280,0.1817728728055954,0.30018802208000567,0.30018802208000567,0.9999999996668755,0.2578125
0.3,25,proposed_no_update,3,4280,0.18063965439796448,0.30018802208000567,0.30018802208000567,0.9999999996668755,0.2578125
0.3,25,proposed,3,4280,0.1263834685087204,0.30018802208000567,0.08854647821711682,3.3901746041770773,0.984375
0.3,25,oracle_sync,3,4280,0.12517090141773224,0.30018802208000567,0.0,3001880220.8000565,1.0
0.3,25,adjoint_slice,4,5280,0.17544353008270264,0.3115833865478561,0.3115833865478561,0.9999999996790586,0.2421875
0.3,25,proposed_no_update,4,5280,0.17491455376148224,0.3115833865478561,0.3115833865478561,0.9999999996790586,0.2421875
0.3,25,proposed,4,5280,0.11794841289520264,0.3115833865478561,0.06004424761698985,5.189229583097798,0.99609375
0.3,25,oracle_sync,4,5280,0.1165974959731102,0.3115833865478561,0.0,3115833865.478561,1.0
0.3,25,adjoint_slice,5,6280,0.1663920134305954,0.2793435850001217,0.2793435850001217,0.9999999996420179,0.29296875
0.3,25,proposed_no_update,5,6280,0.1673380583524704,0.2793435850001217,0.2793435850001217,0.9999999996420179,0.29296875
0.3,25,proposed,5,6280,0.12057699263095856,0.2793435850001217,0.023914345403414757,11.681004816135733,0.9921875
0.3,25,oracle_sync,5,6280,0.12021078169345856,0.2793435850001217,0.0,2793435850.001217,1.0
0.3,25,adjoint_slice,6,7280,0.18246257305145264,0.3248382949984994,0.3248382949984994,0.9999999996921545,0.30078125
0.3,25,proposed_no_update,6,7280,0.18250326812267303,0.3248382949984994,0.3248382949984994,0.9999999996921545,0.30078125
0.3,25,proposed,6,7280,0.12604168057441711,0.3248382949984994,0.12720365104721604,2.5536868798094146,0.98828125
0.3,25,oracle_sync,6,7280,0.12270305305719376,0.3248382949984994,0.0,3248382949.984994,1.0
0.3,25,adjoint_slice,7,8280,0.1579284816980362,0.29636488033276814,0.29636488033276814,0.999999999662578,0.265625
0.3,25,proposed_no_update,7,8280,0.15827637910842896,0.29636488033276814,0.29636488033276814,0.999999999662578,0.265625
0.3,25,proposed,7,8280,0.10161947458982468,0.29636488033276814,0.027144074380201142,10.918216443479638,0.984375
0.3,25,oracle_sync,7,8280,0.1010233610868454,0.29636488033276814,0.0,2963648803.3276815,1.0
0.3,25,adjoint_slice,8,9280,0.16795045137405396,0.308224301775761,0.308224301775761,0.999999999675561,0.25390625
0.3,25,proposed_no_update,8,9280,0.16790366172790527,0.308224301775761,0.308224301775761,0.999999999675561,0.25390625
0.3,25,proposed,8,9280,0.11054891347885132,0.308224301775761,0.036078484984696145,8.543160863106868,0.96875
0.3,25,oracle_sync,8,9280,0.10948079824447632,0.308224301775761,0.0,3082243017.75761,1.0
0.3,25,adjoint_slice,9,10280,0.1609802395105362,0.318417219889035,0.318417219889035,0.9999999996859467,0.23828125
0.3,25,proposed_no_update,9,10280,0.16132202744483948,0.318417219889035,0.318417219889035,0.9999999996859467,0.23828125
0.3,25,proposed,9,10280,0.09635213762521744,0.318417219889035,0.07657831088971297,4.15806010571073,0.9765625
0.3,25,oracle_sync,9,10280,0.09447021782398224,0.318417219889035,0.0,3184172198.89035,1.0
