init_error,snr_db,method,mc_idx,seed,mf_grid_points,mf_search_half_range,ber,rmse_tau_init,rmse_tau_final,improvement,success_rate
0.0,15.0,naive_slice,0,0,41,1.7,0.4935262203216553,0.0,0.0,0.0,1.0
0.0,15.0,adjoint_lmmse,0,0,41,1.7,0.10981445759534836,0.0,0.0,0.0,1.0
0.0,15.0,adjoint_slice,0,0,41,1.7,0.10981445759534836,0.0,0.0,0.0,1.0
0.0,15.0,matched_filter,0,0,41,1.7,0.11028239876031876,0.0,0.02315665822468069,0.0,1.0
0.0,15.0,proposed_no_update,0,0,41,1.7,0.10959269851446152,0.0,0.0,0.0,1.0
0.0,15.0,proposed,0,0,41,1.7,0.1101379469037056,0.0,0.021787934427924704,0.0,0.99609375
0.0,15.0,oracle_sync,0,0,41,1.7,0.10959269851446152,0.0,0.0,0.0,1.0
0.0,15.0,naive_slice,1,1000,41,1.7,0.5016846060752869,0.0,0.0,0.0,1.0
0.0,15.0,adjoint_lmmse,1,1000,41,1.7,0.1087239608168602,0.0,0.0,0.0,1.0
0.0,15.0,adjoint_slice,1,1000,41,1.7,0.1087239608168602,0.0,0.0,0.0,1.0
0.0,15.0,matched_filter,1,1000,41,1.7,0.10890096426010132,0.0,0.024344941355904693,0.0,1.0
0.0,15.0,proposed_no_update,1,1000,41,1.7,0.10852865129709244,0.0,0.0,0.0,1.0
0.0,15.0,proposed,1,1000,41,1.7,0.10881144553422928,0.0,0.019579547321813537,0.0,1.0
0.0,15.0,oracle_sync,1,1000,41,1.7,0.10852865129709244,0.0,0.0,0.0,1.0
0.0,15.0,naive_slice,2,2000,41,1.7,0.499235063791275,0.0,0.0,0.0,1.0
0.0,15.0,adjoint_lmmse,2,2000,41,1.7,0.11285807937383652,0.0,0.0,0.0,1.0
0.0,15.0,adjoint_slice,2,2000,41,1.7,0.11285807937383652,0.0,0.0,0.0,1.0
0.0,15.0,matched_filter,2,2000,41,1.7,0.11316122114658356,0.0,0.021904005812793816,0.0,1.0
0.0,15.0,proposed_no_update,2,2000,41,1.7,0.11183065176010132,0.0,0.0,0.0,1.0
0.0,15.0,proposed,2,2000,41,1.7,0.11198527365922928,0.0,0.017967347691684447,0.0,1.0
0.0,15.0,oracle_sync,2,2000,41,1.7,0.11183065176010132,0.0,0.0,0.0,1.0
0.0,15.0,naive_slice,3,3000,41,1.7,0.504974365234375,0.0,0.0,0.0,1.0
0.0,15.0,adjoint_lmmse,3,3000,41,1.7,0.10119019448757172,0.0,0.0,0.0,1.0
0.0,15.0,adjoint_slice,3,3000,41,1.7,0.10119019448757172,0.0,0.0,0.0,1.0
0.0,15.0,matched_filter,3,3000,41,1.7,0.1014811247587204,0.0,0.02315665822468069,0.0,1.0
0.0,15.0,proposed_no_update,3,3000,41,1.7,0.10179850459098816,0.0,0.0,0.0,1.0
0.0,15.0,proposed,3,3000,41,1.7,0.1021016463637352,0.0,0.021498356203980468,0.0,0.9921875
0.0,15.0,oracle_sync,3,3000,41,1.7,0.10179850459098816,0.0,0.0,0.0,1.0
0.0,15.0,naive_slice,4,4000,41,1.7,0.5015971064567566,0.0,0.0,0.0,1.0
0.0,15.0,adjoint_lmmse,4,4000,41,1.7,0.11316122114658356,0.0,0.0,0.0,1.0
0.0,15.0,adjoint_slice,4,4000,41,1.7,0.11316122114658356,0.0,0.0,0.0,1.0
0.0,15.0,matched_filter,4,4000,41,1.7,0.11331787705421448,0.0,0.024917841425914685,0.0,0.99609375
0.0,15.0,proposed_no_update,4,4000,41,1.7,0.11510010063648224,0.0,0.0,0.0,1.0
0.0,15.0,proposed,4,4000,41,1.7,0.11492310464382172,0.0,0.02081831296069722,0.0,0.99609375
0.0,15.0,oracle_sync,4,4000,41,1.7,0.11510010063648224,0.0,0.0,0.0,1.0
0.0,15.0,naive_slice,5,5000,41,1.7,0.49702149629592896,0.0,0.0,0.0,1.0
0.0,15.0,adjoint_lmmse,5,5000,41,1.7,0.09829305857419968,0.0,0.0,0.0,1.0
0.0,15.0,adjoint_slice,5,5000,41,1.7,0.09829305857419968,0.0,0.0,0.0,1.0
0.0,15.0,matched_filter,5,5000,41,1.7,0.09855347126722336,0.0,0.023156657727214865,0.0,0.99609375
0.0,15.0,proposed_no_update,5,5000,41,1.7,0.09803670644760132,0.0,0.0,0.0,1.0
0.0,15.0,proposed,5,5000,41,1.7,0.09812825918197632,0.0,0.018975393666308762,0.0,0.99609375
0.0,15.0,oracle_sync,5,5000,41,1.7,0.09803670644760132,0.0,0.0,0.0,1.0
0.0,15.0,naive_slice,6,6000,41,1.7,0.4942159354686737,0.0,0.0,0.0,1.0
0.0,15.0,adjoint_lmmse,6,6000,41,1.7,0.0935974195599556,0.0,0.0,0.0,1.0
0.0,15.0,adjoint_slice,6,6000,41,1.7,0.0935974195599556,0.0,0.0,0.0,1.0
0.0,15.0,matched_filter,6,6000,41,1.7,0.09373779594898224,0.0,0.023758230045156044,0.0,1.0
0.0,15.0,proposed_no_update,6,6000,41,1.7,0.0938110426068306,0.0,0.0,0.0,1.0
0.0,15.0,proposed,6,6000,41,1.7,0.0939839705824852,0.0,0.01932372672484526,0.0,1.0
0.0,15.0,oracle_sync,6,6000,41,1.7,0.0938110426068306,0.0,0.0,0.0,1.0
0.0,15.0,naive_slice,7,7000,41,1.7,0.5021504759788513,0.0,0.0,0.0,1.0
0.0,15.0,adjoint_lmmse,7,7000,41,1.7,0.10262655466794968,0.0,0.0,0.0,1.0
0.0,15.0,adjoint_slice,7,7000,41,1.7,0.10262655466794968,0.0,0.0,0.0,1.0
0.0,15.0,matched_filter,7,7000,41,1.7,0.1030985563993454,0.0,0.026562508703019225,0.0,1.0
0.0,15.0,proposed_no_update,7,7000,41,1.7,0.10131022334098816,0.0,0.0,0.0,1.0
0.0,15.0,proposed,7,7000,41,1.7,0.10175985097885132,0.0,0.02491356497078406,0.0,0.9921875
0.0,15.0,oracle_sync,7,7000,41,1.7,0.10131022334098816,0.0,0.0,0.0,1.0
0.0,15.0,naive_slice,8,8000,41,1.7,0.5119873285293579,0.0,0.0,0.0,1.0
0.0,15.0,adjoint_lmmse,8,8000,41,1.7,0.0917256698012352,0.0,0.0,0.0,1.0
0.0,15.0,adjoint_slice,8,8000,41,1.7,0.0917256698012352,0.0,0.0,0.0,1.0
0.0,15.0,matched_filter,8,8000,41,1.7,0.0919596403837204,0.0,0.021250006962422904,0.0,1.0
0.0,15.0,proposed_no_update,8,8000,41,1.7,0.09142456203699112,0.0,0.0,0.0,1.0
0.0,15.0,proposed,8,8000,41,1.7,0.09170329570770264,0.0,0.020389473592133736,0.0,0.99609375
0.0,15.0,oracle_sync,8,8000,41,1.7,0.09142456203699112,0.0,0.0,0.0,1.0
0.0,15.0,naive_slice,9,9000,41,1.7,0.4951741695404053,0.0,0.0,0.0,1.0
0.0,15.0,adjoint_lmmse,9,9000,41,1.7,0.1076660230755806,0.0,0.0,0.0,1.0
0.0,15.0,adjoint_slice,9,9000,41,1.7,0.1076660230755806,0.0,0.0,0.0,1.0
0.0,15.0,matched_filter,9,9000,41,1.7,0.10808920115232468,0.0,0.023758230045156044,0.0,1.0
0.0,15.0,proposed_no_update,9,9000,41,1.7,0.10894572734832764,0.0,0.0,0.0,1.0
0.0,15.0,proposed,9,9000,41,1.7,0.1093750074505806,0.0,0.02146708444955994,0.0,1.0
0.0,15.0,oracle_sync,9,9000,41,1.7,0.10894572734832764,0.0,0.0,0.0,1.0
0.1,15.0,naive_slice,0,10,41,1.7,0.5020650625228882,0.096518330952865,0.096518330952865,0.9999999989639274,0.671875
0.1,15.0,adjoint_lmmse,0,10,41,1.7,0.09999796748161316,0.096518330952865,0.096518330952865,0.9999999989639274,0.671875
0.1,15.0,adjoint_slice,0,10,41,1.7,0.09999796748161316,0.096518330952865,0.096518330952865,0.9999999989639274,0.671875
0.1,15.0,matched_filter,0,10,41,1.7,0.0958252027630806,0.096518330952865,0.032805826851225364,2.942109372714954,0.99609375
0.1,15.0,proposed_no_update,0,10,41,1.7,0.09969686716794968,0.096518330952865,0.096518330952865,0.9999999989639274,0.671875
0.1,15.0,proposed,0,10,41,1.7,0.0950927808880806,0.096518330952865,0.020656913481265547,4.672446857714539,0.9921875
0.1,15.0,oracle_sync,0,10,41,1.7,0.0946350172162056,0.096518330952865,0.0,965183309.5286499,1.0
0.1,15.0,naive_slice,1,1010,41,1.7,0.49548953771591187,0.0975290084705606,0.0975290084705606,0.9999999989746641,0.71875
0.1,15.0,adjoint_lmmse,1,1010,41,1.7,0.12611491978168488,0.0975290084705606,0.0975290084705606,0.9999999989746641,0.71875
0.1,15.0,adjoint_slice,1,1010,41,1.7,0.12611491978168488,0.0975290084705606,0.0975290084705606,0.9999999989746641,0.71875
0.1,15.0,matched_filter,1,1010,41,1.7,0.12244263291358948,0.0975290084705606,0.0368274868883684,2.6482667280926386,0.9765625
0.1,15.0,proposed_no_update,1,1010,41,1.7,0.12459717690944672,0.0975290084705606,0.0975290084705606,0.9999999989746641,0.71875
0.1,15.0,proposed,1,1010,41,1.7,0.12081299722194672,0.0975290084705606,0.02432512620248079,4.00939371322459,0.98828125
0.1,15.0,oracle_sync,1,1010,41,1.7,0.1205037534236908,0.0975290084705606,0.0,975290084.705606,1.0
0.1,15.0,naive_slice,2,2010,41,1.7,0.49906617403030396,0.10080791610504518,0.10080791610504518,0.9999999990080145,0.66015625
0.1,15.0,adjoint_lmmse,2,2010,41,1.7,0.1034749373793602,0.10080791610504518,0.10080791610504518,0.9999999990080145,0.66015625
0.1,15.0,adjoint_slice,2,2010,41,1.7,0.1034749373793602,0.10080791610504518,0.10080791610504518,0.9999999990080145,0.66015625
0.1,15.0,matched_filter,2,2010,41,1.7,0.0988566130399704,0.10080791610504518,0.036014546278824736,2.799088874941838,0.98828125
0.1,15.0,proposed_no_update,2,2010,41,1.7,0.10375162959098816,0.10080791610504518,0.10080791610504518,0.9999999990080145,0.66015625
0.1,15.0,proposed,2,2010,41,1.7,0.09854736924171448,0.10080791610504518,0.020419529899868484,4.936838218396527,0.99609375
0.1,15.0,oracle_sync,2,2010,41,1.7,0.09848633408546448,0.10080791610504518,0.0,1008079161.0504518,1.0
0.1,15.0,naive_slice,3,3010,41,1.7,0.49808353185653687,0.10135883754152922,0.10135883754152922,0.9999999990134063,0.7421875
0.1,15.0,adjoint_lmmse,3,3010,41,1.7,0.10596314072608948,0.10135883754152922,0.10135883754152922,0.9999999990134063,0.7421875
0.1,15.0,adjoint_slice,3,3010,41,1.7,0.10596314072608948,0.10135883754152922,0.10135883754152922,0.9999999990134063,0.7421875
0.1,15.0,matched_filter,3,3010,41,1.7,0.10044759511947632,0.10135883754152922,0.034067400596426316,2.975244235529886,0.9921875
0.1,15.0,proposed_no_update,3,3010,41,1.7,0.1070454940199852,0.10135883754152922,0.10135883754152922,0.9999999990134063,0.7421875
0.1,15.0,proposed,3,3010,41,1.7,0.1012369841337204,0.10135883754152922,0.02168933965859123,4.673209911859147,0.99609375
0.1,15.0,oracle_sync,3,3010,41,1.7,0.1009623259305954,0.10135883754152922,0.0,1013588375.4152921,1.0
0.1,15.0,naive_slice,4,4010,41,1.7,0.4936259090900421,0.09779290995602843,0.09779290995602843,0.9999999989774311,0.67578125
0.1,15.0,adjoint_lmmse,4,4010,41,1.7,0.10093587636947632,0.09779290995602843,0.09779290995602843,0.9999999989774311,0.67578125
0.1,15.0,adjoint_slice,4,4010,41,1.7,0.10093587636947632,0.09779290995602843,0.09779290995602843,0.9999999989774311,0.67578125
0.1,15.0,matched_filter,4,4010,41,1.7,0.09700927883386612,0.09779290995602843,0.030818459272661337,3.173192688625418,1.0
0.1,15.0,proposed_no_update,4,4010,41,1.7,0.10069376975297928,0.09779290995602843,0.09779290995602843,0.9999999989774311,0.67578125
0.1,15.0,proposed,4,4010,41,1.7,0.09651082754135132,0.09779290995602843,0.020665069129249227,4.732280781213783,0.99609375
0.1,15.0,oracle_sync,4,4010,41,1.7,0.0963948592543602,0.09779290995602843,0.0,977929099.5602843,1.0
0.1,15.0,naive_slice,5,5010,41,1.7,0.5047281980514526,0.10965029979404957,0.10965029979404957,0.9999999990880098,0.59375
0.1,15.0,adjoint_lmmse,5,5010,41,1.7,0.11095988750457764,0.10965029979404957,0.10965029979404957,0.9999999990880098,0.59375
0.1,15.0,adjoint_slice,5,5010,41,1.7,0.11095988750457764,0.10965029979404957,0.10965029979404957,0.9999999990880098,0.59375
0.1,15.0,matched_filter,5,5010,41,1.7,0.10492350906133652,0.10965029979404957,0.03367208565516493,3.2564154353648975,0.9921875
0.1,15.0,proposed_no_update,5,5010,41,1.7,0.11223144829273224,0.10965029979404957,0.10965029979404957,0.9999999990880098,0.59375
0.1,15.0,proposed,5,5010,41,1.7,0.10554606467485428,0.10965029979404957,0.022744216428508983,4.821018989887262,0.98828125
0.1,15.0,oracle_sync,5,5010,41,1.7,0.10527954995632172,0.10965029979404957,0.0,1096502997.9404957,1.0
0.1,15.0,naive_slice,6,6010,41,1.7,0.49317222833633423,0.09949370039243473,0.09949370039243473,0.9999999989949113,0.68359375
0.1,15.0,adjoint_lmmse,6,6010,41,1.7,0.10440674424171448,0.09949370039243473,0.09949370039243473,0.9999999989949113,0.68359375
0.1,15.0,adjoint_slice,6,6010,41,1.7,0.10440674424171448,0.09949370039243473,0.09949370039243473,0.9999999989949113,0.68359375
0.1,15.0,matched_filter,6,6010,41,1.7,0.10041707754135132,0.09949370039243473,0.03581685413562715,2.777845863790796,0.9921875
0.1,15.0,proposed_no_update,6,6010,41,1.7,0.10433757305145264,0.09949370039243473,0.09949370039243473,0.9999999989949113,0.68359375
0.1,15.0,proposed,6,6010,41,1.7,0.10011190176010132,0.09949370039243473,0.022691515361245678,4.384621228245321,1.0
0.1,15.0,oracle_sync,6,6010,41,1.7,0.09977417439222336,0.09949370039243473,0.0,994937003.9243473,1.0
0.1,15.0,naive_slice,7,7010,41,1.7,0.4920918941497803,0.09446323579502458,0.09446323579502458,0.9999999989413871,0.671875
0.1,15.0,adjoint_lmmse,7,7010,41,1.7,0.1135355681180954,0.09446323579502458,0.09446323579502458,0.9999999989413871,0.671875
0.1,15.0,adjoint_slice,7,7010,41,1.7,0.1135355681180954,0.09446323579502458,0.09446323579502458,0.9999999989413871,0.671875
0.1,15.0,matched_filter,7,7010,41,1.7,0.10961101204156876,0.09446323579502458,0.032452522479193724,2.910813344771779,1.0
0.1,15.0,proposed_no_update,7,7010,41,1.7,0.11266480386257172,0.09446323579502458,0.09446323579502458,0.9999999989413871,0.671875
0.1,15.0,proposed,7,7010,41,1.7,0.1083577498793602,0.09446323579502458,0.01708633277050548,5.528584542449568,0.99609375
0.1,15.0,oracle_sync,7,7010,41,1.7,0.10809733718633652,0.09446323579502458,0.0,944632357.9502457,1.0
0.1,15.0,naive_slice,8,8010,41,1.7,0.5079874992370605,0.10826564344780955,0.10826564344780955,0.999999999076346,0.66796875
0.1,15.0,adjoint_lmmse,8,8010,41,1.7,0.11135051399469376,0.10826564344780955,0.10826564344780955,0.999999999076346,0.66796875
0.1,15.0,adjoint_slice,8,8010,41,1.7,0.11135051399469376,0.10826564344780955,0.10826564344780955,0.999999999076346,0.66796875
0.1,15.0,matched_filter,8,8010,41,1.7,0.10515747964382172,0.10826564344780955,0.03321895436095825,3.2591526495830134,0.99609375
0.1,15.0,proposed_no_update,8,8010,41,1.7,0.11243490129709244,0.10826564344780955,0.10826564344780955,0.999999999076346,0.66796875
0.1,15.0,proposed,8,8010,41,1.7,0.1056823804974556,0.10826564344780955,0.021729821183912316,4.982353146547232,0.99609375
0.1,15.0,oracle_sync,8,8010,41,1.7,0.10554403066635132,0.10826564344780955,0.0,1082656434.4780955,1.0
0.1,15.0,naive_slice,9,9010,41,1.7,0.49354657530784607,0.10534129838474787,0.10534129838474787,0.9999999990507048,0.63671875
0.1,15.0,adjoint_lmmse,9,9010,41,1.7,0.11566569656133652,0.10534129838474787,0.10534129838474787,0.9999999990507048,0.63671875
0.1,15.0,adjoint_slice,9,9010,41,1.7,0.11566569656133652,0.10534129838474787,0.10534129838474787,0.9999999990507048,0.63671875
0.1,15.0,matched_filter,9,9010,41,1.7,0.11033325642347336,0.10534129838474787,0.0368171239237387,2.8612038875395758,0.9765625
0.1,15.0,proposed_no_update,9,9010,41,1.7,0.11539103835821152,0.10534129838474787,0.10534129838474787,0.9999999990507048,0.63671875
0.1,15.0,proposed,9,9010,41,1.7,0.10970866680145264,0.10534129838474787,0.02217777168123014,4.749859427893566,0.9921875
0.1,15.0,oracle_sync,9,9010,41,1.7,0.10940959304571152,0.10534129838474787,0.0,1053412983.8474786,1.0
0.2,15.0,naive_slice,0,20,41,1.7,0.5038330554962158,0.1867486048738368,0.1867486048738368,0.9999999994645207,0.37890625
0.2,15.0,adjoint_lmmse,0,20,41,1.7,0.1289469450712204,0.1867486048738368,0.1867486048738368,0.9999999994645207,0.37890625
0.2,15.0,adjoint_slice,0,20,41,1.7,0.1289469450712204,0.1867486048738368,0.1867486048738368,0.9999999994645207,0.37890625
0.2,15.0,matched_filter,0,20,41,1.7,0.11012370139360428,0.1867486048738368,0.03392423861399358,5.504872384853368,0.99609375
0.2,15.0,proposed_no_update,0,20,41,1.7,0.12843425571918488,0.1867486048738368,0.1867486048738368,0.9999999994645207,0.37890625
0.2,15.0,proposed,0,20,41,1.7,0.10927735269069672,0.1867486048738368,0.020557851983369756,9.084052366779446,0.99609375
0.2,15.0,oracle_sync,0,20,41,1.7,0.10896199941635132,0.1867486048738368,0.0,1867486048.7383678,1.0
0.2,15.0,naive_slice,1,1020,41,1.7,0.49553632736206055,0.20633879286727197,0.20633879286727197,0.9999999995153601,0.40234375
0.2,15.0,adjoint_lmmse,1,1020,41,1.7,0.12273560464382172,0.20633879286727197,0.20633879286727197,0.9999999995153601,0.40234375
0.2,15.0,adjoint_slice,1,1020,41,1.7,0.12273560464382172,0.20633879286727197,0.20633879286727197,0.9999999995153601,0.40234375
0.2,15.0,matched_filter,1,1020,41,1.7,0.09506022930145264,0.20633879286727197,0.03459026785977577,5.965226783071429,0.98828125
0.2,15.0,proposed_no_update,1,1020,41,1.7,0.12351074814796448,0.20633879286727197,0.20633879286727197,0.9999999995153601,0.40234375
0.2,15.0,proposed,1,1020,41,1.7,0.09547729790210724,0.20633879286727197,0.020956662802804917,9.8459756605454,1.0
0.2,15.0,oracle_sync,1,1020,41,1.7,0.09523925930261612,0.20633879286727197,0.0,2063387928.6727197,1.0
0.2,15.0,naive_slice,2,2020,41,1.7,0.5012533068656921,0.2042126981452637,0.2042126981452637,0.9999999995103145,0.36328125
0.2,15.0,adjoint_lmmse,2,2020,41,1.7,0.13048502802848816,0.2042126981452637,0.2042126981452637,0.9999999995103145,0.36328125
0.2,15.0,adjoint_slice,2,2020,41,1.7,0.13048502802848816,0.2042126981452637,0.2042126981452637,0.9999999995103145,0.36328125
0.2,15.0,matched_filter,2,2020,41,1.7,0.1046040877699852,0.2042126981452637,0.03514616453654977,5.810383586859304,0.98828125
0.2,15.0,proposed_no_update,2,2020,41,1.7,0.12978516519069672,0.2042126981452637,0.2042126981452637,0.9999999995103145,0.36328125
0.2,15.0,proposed,2,2020,41,1.7,0.10364990681409836,0.2042126981452637,0.02373363781086956,8.604357195983768,0.98828125
0.2,15.0,oracle_sync,2,2020,41,1.7,0.10357870161533356,0.2042126981452637,0.0,2042126981.4526367,1.0
0.2,15.0,naive_slice,3,3020,41,1.7,0.5002848505973816,0.20420396434070617,0.20420396434070617,0.9999999995102935,0.33984375
0.2,15.0,adjoint_lmmse,3,3020,41,1.7,0.12602336704730988,0.20420396434070617,0.20420396434070617,0.9999999995102935,0.33984375
0.2,15.0,adjoint_slice,3,3020,41,1.7,0.12602336704730988,0.20420396434070617,0.20420396434070617,0.9999999995102935,0.33984375
0.2,15.0,matched_filter,3,3020,41,1.7,0.09995117783546448,0.20420396434070617,0.03603994831875065,5.666044855781872,0.97265625
0.2,15.0,proposed_no_update,3,3020,41,1.7,0.12639771401882172,0.20420396434070617,0.20420396434070617,0.9999999995102935,0.33984375
0.2,15.0,proposed,3,3020,41,1.7,0.10006511211395264,0.20420396434070617,0.024263285493063762,8.416171155281736,0.99609375
0.2,15.0,oracle_sync,3,3020,41,1.7,0.1000773161649704,0.20420396434070617,0.0,2042039643.4070616,1.0
0.2,15.0,naive_slice,4,4020,41,1.7,0.5100057125091553,0.18432656533762357,0.18432656533762357,0.9999999994574845,0.390625
0.2,15.0,adjoint_lmmse,4,4020,41,1.7,0.138641357421875,0.18432656533762357,0.18432656533762357,0.9999999994574845,0.390625
0.2,15.0,adjoint_slice,4,4020,41,1.7,0.138641357421875,0.18432656533762357,0.18432656533762357,0.9999999994574845,0.390625
0.2,15.0,matched_filter,4,4020,41,1.7,0.1199035719037056,0.18432656533762357,0.03460722940031814,5.326244487034972,0.99609375
0.2,15.0,proposed_no_update,4,4020,41,1.7,0.13698527216911316,0.18432656533762357,0.18432656533762357,0.9999999994574845,0.390625
0.2,15.0,proposed,4,4020,41,1.7,0.11782634258270264,0.18432656533762357,0.019993036904651852,9.219538046907813,1.0
0.2,15.0,oracle_sync,4,4020,41,1.7,0.1175944060087204,0.18432656533762357,0.0,1843265653.3762355,1.0
0.2,15.0,naive_slice,5,5020,41,1.7,0.4960978329181671,0.2070946035336146,0.2070946035336146,0.9999999995171288,0.359375
0.2,15.0,adjoint_lmmse,5,5020,41,1.7,0.12618204951286316,0.2070946035336146,0.2070946035336146,0.9999999995171288,0.359375
0.2,15.0,adjoint_slice,5,5020,41,1.7,0.12618204951286316,0.2070946035336146,0.2070946035336146,0.9999999995171288,0.359375
0.2,15.0,matched_filter,5,5020,41,1.7,0.09937337785959244,0.2070946035336146,0.03376942610496314,6.132606526289678,0.9921875
0.2,15.0,proposed_no_update,5,5020,41,1.7,0.1265157163143158,0.2070946035336146,0.2070946035336146,0.9999999995171288,0.359375
0.2,15.0,proposed,5,5020,41,1.7,0.09942016750574112,0.2070946035336146,0.02190130973274314,9.455809041338783,1.0
0.2,15.0,oracle_sync,5,5020,41,1.7,0.09924723953008652,0.2070946035336146,0.0,2070946035.336146,1.0
0.2,15.0,naive_slice,6,6020,41,1.7,0.5057617425918579,0.1865423922650566,0.1865423922650566,0.9999999994639288,0.4296875
0.2,15.0,adjoint_lmmse,6,6020,41,1.7,0.11790771782398224,0.1865423922650566,0.1865423922650566,0.9999999994639288,0.4296875
0.2,15.0,adjoint_slice,6,6020,41,1.7,0.11790771782398224,0.1865423922650566,0.1865423922650566,0.9999999994639288,0.4296875
0.2,15.0,matched_filter,6,6020,41,1.7,0.09677938371896744,0.1865423922650566,0.035340510859514,5.278429405810207,0.98828125
0.2,15.0,proposed_no_update,6,6020,41,1.7,0.11903483420610428,0.1865423922650566,0.1865423922650566,0.9999999994639288,0.4296875
0.2,15.0,proposed,6,6020,41,1.7,0.09773356467485428,0.1865423922650566,0.021675481875352412,8.606147373201544,0.99609375
0.2,15.0,oracle_sync,6,6020,41,1.7,0.09765829145908356,0.1865423922650566,0.0,1865423922.6505659,1.0
0.2,15.0,naive_slice,7,7020,41,1.7,0.4963358938694,0.1972431040489433,0.1972431040489433,0.9999999994930114,0.38671875
0.2,15.0,adjoint_lmmse,7,7020,41,1.7,0.12209270149469376,0.1972431040489433,0.1972431040489433,0.9999999994930114,0.38671875
0.2,15.0,adjoint_slice,7,7020,41,1.7,0.12209270149469376,0.1972431040489433,0.1972431040489433,0.9999999994930114,0.38671875
0.2,15.0,matched_filter,7,7020,41,1.7,0.09656169265508652,0.1972431040489433,0.031923962715803646,6.178528185457603,0.99609375
0.2,15.0,proposed_no_update,7,7020,41,1.7,0.12167765945196152,0.1972431040489433,0.1972431040489433,0.9999999994930114,0.38671875
0.2,15.0,proposed,7,7020,41,1.7,0.09562988579273224,0.1972431040489433,0.021346926050259226,9.239883187891577,0.99609375
0.2,15.0,oracle_sync,7,7020,41,1.7,0.09552612900733948,0.1972431040489433,0.0,1972431040.4894328,1.0
0.2,15.0,naive_slice,8,8020,41,1.7,0.49717408418655396,0.18783167879473858,0.18783167879473858,0.9999999994676084,0.41015625
0.2,15.0,adjoint_lmmse,8,8020,41,1.7,0.11861573159694672,0.18783167879473858,0.18783167879473858,0.9999999994676084,0.41015625
0.2,15.0,adjoint_slice,8,8020,41,1.7,0.11861573159694672,0.18783167879473858,0.18783167879473858,0.9999999994676084,0.41015625
0.2,15.0,matched_filter,8,8020,41,1.7,0.09741821885108948,0.18783167879473858,0.03365378698210624,5.5812939666041,0.99609375
0.2,15.0,proposed_no_update,8,8020,41,1.7,0.11908163130283356,0.18783167879473858,0.18783167879473858,0.9999999994676084,0.41015625
0.2,15.0,proposed,8,8020,41,1.7,0.09745483845472336,0.18783167879473858,0.022447095661246655,8.36774969878361,0.99609375
0.2,15.0,oracle_sync,8,8020,41,1.7,0.09740397334098816,0.18783167879473858,0.0,1878316787.9473858,1.0
0.2,15.0,naive_slice,9,9020,41,1.7,0.518768310546875,0.2035750924415959,0.2035750924415959,0.9999999995087807,0.35546875
0.2,15.0,adjoint_lmmse,9,9020,41,1.7,0.13357748091220856,0.2035750924415959,0.2035750924415959,0.9999999995087807,0.35546875
0.2,15.0,adjoint_slice,9,9020,41,1.7,0.13357748091220856,0.2035750924415959,0.2035750924415959,0.9999999995087807,0.35546875
0.2,15.0,matched_filter,9,9020,41,1.7,0.11020101606845856,0.2035750924415959,0.03327407085285884,6.118130021722068,0.9921875
0.2,15.0,proposed_no_update,9,9020,41,1.7,0.13283488154411316,0.2035750924415959,0.2035750924415959,0.9999999995087807,0.35546875
0.2,15.0,proposed,9,9020,41,1.7,0.10904745012521744,0.2035750924415959,0.0201083726394385,10.123896900037295,1.0
0.2,15.0,oracle_sync,9,9020,41,1.7,0.10874227434396744,0.2035750924415959,0.0,2035750924.4159591,1.0
0.3,15.0,naive_slice,0,30,41,1.7,0.5048970580101013,0.2757641506305912,0.2757641506305912,0.9999999996373713,0.29296875
0.3,15.0,adjoint_lmmse,0,30,41,1.7,0.1499633938074112,0.2757641506305912,0.2757641506305912,0.9999999996373713,0.29296875
0.3,15.0,adjoint_slice,0,30,41,1.7,0.1499633938074112,0.2757641506305912,0.2757641506305912,0.9999999996373713,0.29296875
0.3,15.0,matched_filter,0,30,41,1.7,0.09860026836395264,0.2757641506305912,0.031680704727458715,8.704482811619053,0.99609375
0.3,15.0,proposed_no_update,0,30,41,1.7,0.1507568508386612,0.2757641506305912,0.2757641506305912,0.9999999996373713,0.29296875
0.3,15.0,proposed,0,30,41,1.7,0.0997111052274704,0.2757641506305912,0.027926891021661075,9.874502300640934,0.9921875
0.3,15.0,oracle_sync,0,30,41,1.7,0.09941203147172928,0.2757641506305912,0.0,2757641506.3059115,1.0
0.3,15.0,naive_slice,1,1030,41,1.7,0.4984680414199829,0.2854768330494944,0.2854768330494944,0.9999999996497089,0.3125
0.3,15.0,adjoint_lmmse,1,1030,41,1.7,0.15870971977710724,0.2854768330494944,0.2854768330494944,0.9999999996497089,0.3125
0.3,15.0,adjoint_slice,1,1030,41,1.7,0.15870971977710724,0.2854768330494944,0.2854768330494944,0.9999999996497089,0.3125
0.3,15.0,matched_filter,1,1030,41,1.7,0.1063130721449852,0.2854768330494944,0.03315329356287205,8.610813632951235,0.98828125
0.3,15.0,proposed_no_update,1,1030,41,1.7,0.15916341543197632,0.2854768330494944,0.2854768330494944,0.9999999996497089,0.3125
0.3,15.0,proposed,1,1030,41,1.7,0.10700277239084244,0.2854768330494944,0.03059342420698373,9.331313493544657,0.98828125
0.3,15.0,oracle_sync,1,1030,41,1.7,0.10691732168197632,0.2854768330494944,0.0,2854768330.4949436,1.0
0.3,15.0,naive_slice,2,2030,41,1.7,0.49549970030784607,0.27249554798374004,0.27249554798374004,0.9999999996330216,0.265625
0.3,15.0,adjoint_lmmse,2,2030,41,1.7,0.14684449136257172,0.27249554798374004,0.27249554798374004,0.9999999996330216,0.265625
0.3,15.0,adjoint_slice,2,2030,41,1.7,0.14684449136257172,0.27249554798374004,0.27249554798374004,0.9999999996330216,0.265625
0.3,15.0,matched_filter,2,2030,41,1.7,0.10045980662107468,0.27249554798374004,0.03432174903827715,7.939442331039032,0.9921875
0.3,15.0,proposed_no_update,2,2030,41,1.7,0.1467590481042862,0.27249554798374004,0.27249554798374004,0.9999999996330216,0.265625
0.3,15.0,proposed,2,2030,41,1.7,0.10155640542507172,0.27249554798374004,0.051611695655802196,5.279724759927231,0.98046875
0.3,15.0,oracle_sync,2,2030,41,1.7,0.09990844875574112,0.27249554798374004,0.0,2724955479.8374004,1.0
0.3,15.0,naive_slice,3,3030,41,1.7,0.5046305656433105,0.3239449864270373,0.3239449864270373,0.9999999996913056,0.23828125
0.3,15.0,adjoint_lmmse,3,3030,41,1.7,0.1615905910730362,0.3239449864270373,0.3239449864270373,0.9999999996913056,0.23828125
0.3,15.0,adjoint_slice,3,3030,41,1.7,0.1615905910730362,0.3239449864270373,0.3239449864270373,0.9999999996913056,0.23828125
0.3,15.0,matched_filter,3,3030,41,1.7,0.08886922895908356,0.3239449864270373,0.036956159677979605,8.7656560739317,0.98828125
0.3,15.0,proposed_no_update,3,3030,41,1.7,0.16133423149585724,0.3239449864270373,0.3239449864270373,0.9999999996913056,0.23828125
0.3,15.0,proposed,3,3030,41,1.7,0.0888366773724556,0.3239449864270373,0.036176067189040324,8.95467668828606,0.9765625
0.3,15.0,oracle_sync,3,3030,41,1.7,0.08761394023895264,0.3239449864270373,0.0,3239449864.270373,1.0
0.3,15.0,naive_slice,4,4030,41,1.7,0.5040751695632935,0.30222892301530424,0.30222892301530424,0.999999999669125,0.25
0.3,15.0,adjoint_lmmse,4,4030,41,1.7,0.16029460728168488,0.30222892301530424,0.30222892301530424,0.999999999669125,0.25
0.3,15.0,adjoint_slice,4,4030,41,1.7,0.16029460728168488,0.30222892301530424,0.30222892301530424,0.999999999669125,0.25
0.3,15.0,matched_filter,4,4030,41,1.7,0.10163981467485428,0.30222892301530424,0.03268167029460886,9.24765837749712,0.9921875
0.3,15.0,proposed_no_update,4,4030,41,1.7,0.15998943150043488,0.30222892301530424,0.30222892301530424,0.999999999669125,0.25
0.3,15.0,proposed,4,4030,41,1.7,0.10136515647172928,0.30222892301530424,0.02744243216005032,11.013197378108424,0.98828125
0.3,15.0,oracle_sync,4,4030,41,1.7,0.1007792204618454,0.30222892301530424,0.0,3022289230.1530423,1.0
0.3,15.0,naive_slice,5,5030,41,1.7,0.49851685762405396,0.30417286520927217,0.30417286520927217,0.9999999996712395,0.23046875
0.3,15.0,adjoint_lmmse,5,5030,41,1.7,0.1676534116268158,0.30417286520927217,0.30417286520927217,0.9999999996712395,0.23046875
0.3,15.0,adjoint_slice,5,5030,41,1.7,0.1676534116268158,0.30417286520927217,0.30417286520927217,0.9999999996712395,0.23046875
0.3,15.0,matched_filter,5,5030,41,1.7,0.11203613877296448,0.30417286520927217,0.034908698054279874,8.713383233742276,0.9921875
0.3,15.0,proposed_no_update,5,5030,41,1.7,0.16651205718517303,0.30417286520927217,0.30417286520927217,0.9999999996712395,0.23046875
0.3,15.0,proposed,5,5030,41,1.7,0.1112976148724556,0.30417286520927217,0.038758693797789935,7.84786159232823,0.984375
0.3,15.0,oracle_sync,5,5030,41,1.7,0.10992839187383652,0.30417286520927217,0.0,3041728652.0927215,1.0
0.3,15.0,naive_slice,6,6030,41,1.7,0.5031982660293579,0.29032235848517496,0.29032235848517496,0.9999999996555553,0.24609375
0.3,15.0,adjoint_lmmse,6,6030,41,1.7,0.16282349824905396,0.29032235848517496,0.29032235848517496,0.9999999996555553,0.24609375
0.3,15.0,adjoint_slice,6,6030,41,1.7,0.16282349824905396,0.29032235848517496,0.29032235848517496,0.9999999996555553,0.24609375
0.3,15.0,matched_filter,6,6030,41,1.7,0.11039022356271744,0.29032235848517496,0.0345638336742403,8.399599430475972,0.98828125
0.3,15.0,proposed_no_update,6,6030,41,1.7,0.16239625215530396,0.29032235848517496,0.29032235848517496,0.9999999996555553,0.24609375
0.3,15.0,proposed,6,6030,41,1.7,0.1099751815199852,0.29032235848517496,0.021532564596221285,13.482943745020915,0.99609375
0.3,15.0,oracle_sync,6,6030,41,1.7,0.10958049446344376,0.29032235848517496,0.0,2903223584.8517494,1.0
0.3,15.0,naive_slice,7,7030,41,1.7,0.5064839720726013,0.2956186837881248,0.2956186837881248,0.9999999996617264,0.26953125
0.3,15.0,adjoint_lmmse,7,7030,41,1.7,0.16648153960704803,0.2956186837881248,0.2956186837881248,0.9999999996617264,0.26953125
0.3,15.0,adjoint_slice,7,7030,41,1.7,0.16648153960704803,0.2956186837881248,0.2956186837881248,0.9999999996617264,0.26953125
0.3,15.0,matched_filter,7,7030,41,1.7,0.1143697127699852,0.2956186837881248,0.03350887695822417,8.822100581719445,0.99609375
0.3,15.0,proposed_no_update,7,7030,41,1.7,0.16552938520908356,0.2956186837881248,0.2956186837881248,0.9999999996617264,0.26953125
0.3,15.0,proposed,7,7030,41,1.7,0.11416830122470856,0.2956186837881248,0.04305678198136414,6.865786747126061,0.9921875
0.3,15.0,oracle_sync,7,7030,41,1.7,0.11270955950021744,0.2956186837881248,0.0,2956186837.8812475,1.0
0.3,15.0,naive_slice,8,8030,41,1.7,0.5005635619163513,0.29778101880801155,0.29778101880801155,0.9999999996641827,0.2734375
0.3,15.0,adjoint_lmmse,8,8030,41,1.7,0.15100505948066711,0.29778101880801155,0.29778101880801155,0.9999999996641827,0.2734375
0.3,15.0,adjoint_slice,8,8030,41,1.7,0.15100505948066711,0.29778101880801155,0.29778101880801155,0.9999999996641827,0.2734375
0.3,15.0,matched_filter,8,8030,41,1.7,0.09092407673597336,0.29778101880801155,0.03447253141555565,8.638211518456036,0.99609375
0.3,15.0,proposed_no_update,8,8030,41,1.7,0.15131023526191711,0.29778101880801155,0.29778101880801155,0.9999999996641827,0.2734375
0.3,15.0,proposed,8,8030,41,1.7,0.0924784392118454,0.29778101880801155,0.09516360967722044,3.129147995805558,0.984375
0.3,15.0,oracle_sync,8,8030,41,1.7,0.0908101424574852,0.29778101880801155,0.0,2977810188.0801153,1.0
0.3,15.0,naive_slice,9,9030,41,1.7,0.4945923089981079,0.31570759297979417,0.31570759297979417,0.9999999996832512,0.27734375
0.3,15.0,adjoint_lmmse,9,9030,41,1.7,0.16006062924861908,0.31570759297979417,0.31570759297979417,0.9999999996832512,0.27734375
0.3,15.0,adjoint_slice,9,9030,41,1.7,0.16006062924861908,0.31570759297979417,0.31570759297979417,0.9999999996832512,0.27734375
0.3,15.0,matched_filter,9,9030,41,1.7,0.09267985820770264,0.31570759297979417,0.033606800875278474,9.394157843587436,0.984375
0.3,15.0,proposed_no_update,9,9030,41,1.7,0.1600545346736908,0.31570759297979417,0.31570759297979417,0.9999999996832512,0.27734375
0.3,15.0,proposed,9,9030,41,1.7,0.09522908926010132,0.31570759297979417,0.08029230799903066,3.931978049384355,0.96484375
0.3,15.0,oracle_sync,9,9030,41,1.7,0.09240926802158356,0.31570759297979417,0.0,3157075929.7979417,1.0
0.5,15.0,naive_slice,0,50,41,1.7,0.5028544664382935,0.4917215759336043,0.4917215759336043,0.9999999997966329,0.16796875
0.5,15.0,adjoint_lmmse,0,50,41,1.7,0.2479085475206375,0.4917215759336043,0.4917215759336043,0.9999999997966329,0.16796875
0.5,15.0,adjoint_slice,0,50,41,1.7,0.2479085475206375,0.4917215759336043,0.4917215759336043,0.9999999997966329,0.16796875
0.5,15.0,matched_filter,0,50,41,1.7,0.1212158277630806,0.4917215759336043,0.03095795788171488,15.88352746728439,1.0
0.5,15.0,proposed_no_update,0,50,41,1.7,0.2485351711511612,0.4917215759336043,0.4917215759336043,0.9999999997966329,0.16796875
0.5,15.0,proposed,0,50,41,1.7,0.13899943232536316,0.4917215759336043,0.27758716573729136,1.7714132224031875,0.89453125
0.5,15.0,oracle_sync,0,50,41,1.7,0.12197266519069672,0.4917215759336043,0.0,4917215759.336043,1.0
0.5,15.0,naive_slice,1,1050,41,1.7,0.4962565302848816,0.47859070060053616,0.47859070060053616,0.9999999997910531,0.17578125
0.5,15.0,adjoint_lmmse,1,1050,41,1.7,0.2527974545955658,0.47859070060053616,0.47859070060053616,0.9999999997910531,0.17578125
0.5,15.0,adjoint_slice,1,1050,41,1.7,0.2527974545955658,0.47859070060053616,0.47859070060053616,0.9999999997910531,0.17578125
0.5,15.0,matched_filter,1,1050,41,1.7,0.14076538383960724,0.47859070060053616,0.03328778613095629,14.377366439449982,1.0
0.5,15.0,proposed_no_update,1,1050,41,1.7,0.251617431640625,0.47859070060053616,0.47859070060053616,0.9999999997910531,0.17578125
0.5,15.0,proposed,1,1050,41,1.7,0.15285441279411316,0.47859070060053616,0.24549159815065155,1.9495196740374228,0.92578125
0.5,15.0,oracle_sync,1,1050,41,1.7,0.1383870542049408,0.47859070060053616,0.0,4785907006.005362,1.0
0.5,15.0,naive_slice,2,2050,41,1.7,0.4971517324447632,0.5060723199880821,0.5060723199880821,0.9999999998023997,0.15234375
0.5,15.0,adjoint_lmmse,2,2050,41,1.7,0.23021648824214935,0.5060723199880821,0.5060723199880821,0.9999999998023997,0.15234375
0.5,15.0,adjoint_slice,2,2050,41,1.7,0.23021648824214935,0.5060723199880821,0.5060723199880821,0.9999999998023997,0.15234375
0.5,15.0,matched_filter,2,2050,41,1.7,0.09238281846046448,0.5060723199880821,0.032915737481892124,15.374782920449784,0.98828125
0.5,15.0,proposed_no_update,2,2050,41,1.7,0.23061321675777435,0.5060723199880821,0.5060723199880821,0.9999999998023997,0.15234375
0.5,15.0,proposed,2,2050,41,1.7,0.11503703147172928,0.5060723199880821,0.3044545368206795,1.6622262394464848,0.8984375
0.5,15.0,oracle_sync,2,2050,41,1.7,0.09259440749883652,0.5060723199880821,0.0,5060723199.880821,1.0
0.5,15.0,naive_slice,3,3050,41,1.7,0.49060672521591187,0.5252756756126244,0.5252756756126244,0.9999999998096237,0.171875
0.5,15.0,adjoint_lmmse,3,3050,41,1.7,0.23410849273204803,0.5252756756126244,0.5252756756126244,0.9999999998096237,0.171875
0.5,15.0,adjoint_slice,3,3050,41,1.7,0.23410849273204803,0.5252756756126244,0.5252756756126244,0.9999999998096237,0.171875
0.5,15.0,matched_filter,3,3050,41,1.7,0.09720256179571152,0.5252756756126244,0.030512895002964405,17.21487501727073,1.0
0.5,15.0,proposed_no_update,3,3050,41,1.7,0.23417359590530396,0.5252756756126244,0.5252756756126244,0.9999999998096237,0.171875
0.5,15.0,proposed,3,3050,41,1.7,0.12506103515625,0.5252756756126244,0.3598604576574734,1.4596648903465577,0.875
0.5,15.0,oracle_sync,3,3050,41,1.7,0.09687907248735428,0.5252756756126244,0.0,5252756756.126245,1.0
0.5,15.0,naive_slice,4,4050,41,1.7,0.49805909395217896,0.49644523289846315,0.49644523289846315,0.9999999997985679,0.140625
0.5,15.0,adjoint_lmmse,4,4050,41,1.7,0.24941204488277435,0.49644523289846315,0.49644523289846315,0.9999999997985679,0.140625
0.5,15.0,adjoint_slice,4,4050,41,1.7,0.24941204488277435,0.49644523289846315,0.49644523289846315,0.9999999997985679,0.140625
0.5,15.0,matched_filter,4,4050,41,1.7,0.12790732085704803,0.49644523289846315,0.034203667887157924,14.514385798764565,0.98828125
0.5,15.0,proposed_no_update,4,4050,41,1.7,0.25070396065711975,0.49644523289846315,0.49644523289846315,0.9999999997985679,0.140625
0.5,15.0,proposed,4,4050,41,1.7,0.1512654721736908,0.49644523289846315,0.3262574769828378,1.521636338689685,0.87109375
0.5,15.0,oracle_sync,4,4050,41,1.7,0.1297810971736908,0.49644523289846315,0.0,4964452328.984632,1.0
0.5,15.0,naive_slice,5,5050,41,1.7,0.5056783556938171,0.5080268246433602,0.5080268246433602,0.99999999980316,0.140625
0.5,15.0,adjoint_lmmse,5,5050,41,1.7,0.23158571124076843,0.5080268246433602,0.5080268246433602,0.99999999980316,0.140625
0.5,15.0,adjoint_slice,5,5050,41,1.7,0.23158571124076843,0.5080268246433602,0.5080268246433602,0.99999999980316,0.140625
0.5,15.0,matched_filter,5,5050,41,1.7,0.1005452498793602,0.5080268246433602,0.03441135175014758,14.763349805485232,0.9921875
0.5,15.0,proposed_no_update,5,5050,41,1.7,0.2313375025987625,0.5080268246433602,0.5080268246433602,0.99999999980316,0.140625
0.5,15.0,proposed,5,5050,41,1.7,0.1226705014705658,0.5080268246433602,0.3355504298571268,1.514010352209266,0.90234375
0.5,15.0,oracle_sync,5,5050,41,1.7,0.09952189773321152,0.5080268246433602,0.0,5080268246.433602,1.0
0.5,15.0,naive_slice,6,6050,41,1.7,0.4975118339061737,0.49847382704457377,0.49847382704457377,0.9999999997993877,0.16015625
0.5,15.0,adjoint_lmmse,6,6050,41,1.7,0.2427164912223816,0.49847382704457377,0.49847382704457377,0.9999999997993877,0.16015625
0.5,15.0,adjoint_slice,6,6050,41,1.7,0.2427164912223816,0.49847382704457377,0.49847382704457377,0.9999999997993877,0.16015625
0.5,15.0,matched_filter,6,6050,41,1.7,0.12172241508960724,0.49847382704457377,0.03352577081314208,14.86837777231164,1.0
0.5,15.0,proposed_no_update,6,6050,41,1.7,0.24194540083408356,0.49847382704457377,0.49847382704457377,0.9999999997993877,0.16015625
0.5,15.0,proposed,6,6050,41,1.7,0.14153645932674408,0.49847382704457377,0.3255891891993851,1.530990104791895,0.89453125
0.5,15.0,oracle_sync,6,6050,41,1.7,0.12071126699447632,0.49847382704457377,0.0,4984738270.445738,1.0
0.5,15.0,naive_slice,7,7050,41,1.7,0.5031107664108276,0.48089939055654324,0.48089939055654324,0.9999999997920562,0.171875
0.5,15.0,adjoint_lmmse,7,7050,41,1.7,0.2207173854112625,0.48089939055654324,0.48089939055654324,0.9999999997920562,0.171875
0.5,15.0,adjoint_slice,7,7050,41,1.7,0.2207173854112625,0.48089939055654324,0.48089939055654324,0.9999999997920562,0.171875
0.5,15.0,matched_filter,7,7050,41,1.7,0.10090332478284836,0.48089939055654324,0.03221324339528353,14.928623708039634,0.9921875
0.5,15.0,proposed_no_update,7,7050,41,1.7,0.22083130478858948,0.48089939055654324,0.48089939055654324,0.9999999997920562,0.171875
0.5,15.0,proposed,7,7050,41,1.7,0.11866455525159836,0.48089939055654324,0.29605956013143414,1.6243332597691391,0.91015625
0.5,15.0,oracle_sync,7,7050,41,1.7,0.10043945908546448,0.48089939055654324,0.0,4808993905.565433,1.0
0.5,15.0,naive_slice,8,8050,41,1.7,0.5032410025596619,0.4938985881779056,0.4938985881779056,0.9999999997975293,0.1875
0.5,15.0,adjoint_lmmse,8,8050,41,1.7,0.2385966181755066,0.4938985881779056,0.4938985881779056,0.9999999997975293,0.1875
0.5,15.0,adjoint_slice,8,8050,41,1.7,0.2385966181755066,0.4938985881779056,0.4938985881779056,0.9999999997975293,0.1875
0.5,15.0,matched_filter,8,8050,41,1.7,0.12184245139360428,0.4938985881779056,0.034997618711784834,14.112348352442593,0.984375
0.5,15.0,proposed_no_update,8,8050,41,1.7,0.2379862517118454,0.4938985881779056,0.4938985881779056,0.9999999997975293,0.1875
0.5,15.0,proposed,8,8050,41,1.7,0.14023235440254211,0.4938985881779056,0.3103701051741664,1.5913213927018477,0.875
0.5,15.0,oracle_sync,8,8050,41,1.7,0.11995036154985428,0.4938985881779056,0.0,4938985881.779056,1.0
0.5,15.0,naive_slice,9,9050,41,1.7,0.5048401355743408,0.5151558916583596,0.5151558916583596,0.9999999998058839,0.15625
0.5,15.0,adjoint_lmmse,9,9050,41,1.7,0.2598876953125,0.5151558916583596,0.5151558916583596,0.9999999998058839,0.15625
0.5,15.0,adjoint_slice,9,9050,41,1.7,0.2598876953125,0.5151558916583596,0.5151558916583596,0.9999999998058839,0.15625
0.5,15.0,matched_filter,9,9050,41,1.7,0.14762167632579803,0.5151558916583596,0.036599596384482166,14.075452768359895,0.9765625
0.5,15.0,proposed_no_update,9,9050,41,1.7,0.26158449053764343,0.5151558916583596,0.5151558916583596,0.9999999998058839,0.15625
0.5,15.0,proposed,9,9050,41,1.7,0.17512208223342896,0.5151558916583596,0.33008335190379445,1.560684259085074,0.8984375
0.5,15.0,oracle_sync,9,9050,41,1.7,0.14950765669345856,0.5151558916583596,0.0,5151558916.583596,1.0
0.7,15.0,naive_slice,0,70,41,1.7,0.4955892264842987,0.6906057292686087,0.6906057292686087,0.9999999998551996,0.1171875
0.7,15.0,adjoint_lmmse,0,70,41,1.7,0.2967427670955658,0.6906057292686087,0.6906057292686087,0.9999999998551996,0.1171875
0.7,15.0,adjoint_slice,0,70,41,1.7,0.2967427670955658,0.6906057292686087,0.6906057292686087,0.9999999998551996,0.1171875
0.7,15.0,matched_filter,0,70,41,1.7,0.11090292036533356,0.6906057292686087,0.04502526540353857,15.338182274890382,0.97265625
0.7,15.0,proposed_no_update,0,70,41,1.7,0.29655763506889343,0.6906057292686087,0.6906057292686087,0.9999999998551996,0.1171875
0.7,15.0,proposed,0,70,41,1.7,0.1650187224149704,0.6906057292686087,0.5363112969866595,1.2876956592563027,0.75390625
0.7,15.0,oracle_sync,0,70,41,1.7,0.10928955674171448,0.6906057292686087,0.0,6906057292.686088,1.0
0.7,15.0,naive_slice,1,1070,41,1.7,0.4984700679779053,0.6867206031363821,0.6867206031363821,0.9999999998543804,0.1328125
0.7,15.0,adjoint_lmmse,1,1070,41,1.7,0.27107545733451843,0.6867206031363821,0.6867206031363821,0.9999999998543804,0.1328125
0.7,15.0,adjoint_slice,1,1070,41,1.7,0.27107545733451843,0.6867206031363821,0.6867206031363821,0.9999999998543804,0.1328125
0.7,15.0,matched_filter,1,1070,41,1.7,0.10048624873161316,0.6867206031363821,0.05769025331461568,11.903580977552148,0.97265625
0.7,15.0,proposed_no_update,1,1070,41,1.7,0.27192384004592896,0.6867206031363821,0.6867206031363821,0.9999999998543804,0.1328125
0.7,15.0,proposed,1,1070,41,1.7,0.15678304433822632,0.6867206031363821,0.568864348593335,1.2071781343192969,0.7734375
0.7,15.0,oracle_sync,1,1070,41,1.7,0.09964600205421448,0.6867206031363821,0.0,6867206031.36382,1.0
0.7,15.0,naive_slice,2,2070,41,1.7,0.4965555965900421,0.6896044844905106,0.6896044844905106,0.9999999998549893,0.12890625
0.7,15.0,adjoint_lmmse,2,2070,41,1.7,0.2899515926837921,0.6896044844905106,0.6896044844905106,0.9999999998549893,0.12890625
0.7,15.0,adjoint_slice,2,2070,41,1.7,0.2899515926837921,0.6896044844905106,0.6896044844905106,0.9999999998549893,0.12890625
0.7,15.0,matched_filter,2,2070,41,1.7,0.10904134809970856,0.6896044844905106,0.03552071170574766,19.414151615591347,0.98046875
0.7,15.0,proposed_no_update,2,2070,41,1.7,0.2896830439567566,0.6896044844905106,0.6896044844905106,0.9999999998549893,0.12890625
0.7,15.0,proposed,2,2070,41,1.7,0.16873779892921448,0.6896044844905106,0.5481885512874376,1.2579695120322312,0.76171875
0.7,15.0,oracle_sync,2,2070,41,1.7,0.10770874470472336,0.6896044844905106,0.0,6896044844.905106,1.0
0.7,15.0,naive_slice,3,3070,41,1.7,0.5226156115531921,0.7459163524859983,0.7459163524859983,0.9999999998659367,0.0859375
0.7,15.0,adjoint_lmmse,3,3070,41,1.7,0.3008789122104645,0.7459163524859983,0.7459163524859983,0.9999999998659367,0.0859375
0.7,15.0,adjoint_slice,3,3070,41,1.7,0.3008789122104645,0.7459163524859983,0.7459163524859983,0.9999999998659367,0.0859375
0.7,15.0,matched_filter,3,3070,41,1.7,0.11621501296758652,0.7459163524859983,0.06461735523746245,11.54359147926234,0.97265625
0.7,15.0,proposed_no_update,3,3070,41,1.7,0.3013509213924408,0.7459163524859983,0.7459163524859983,0.9999999998659367,0.0859375
0.7,15.0,proposed,3,3070,41,1.7,0.18310955166816711,0.7459163524859983,0.6382811843471491,1.1686328387262082,0.734375
0.7,15.0,oracle_sync,3,3070,41,1.7,0.11458130180835724,0.7459163524859983,0.0,7459163524.8599825,1.0
0.7,15.0,naive_slice,4,4070,41,1.7,0.49867352843284607,0.7212196255898639,0.7212196255898639,0.999999999861346,0.11328125
0.7,15.0,adjoint_lmmse,4,4070,41,1.7,0.2886596918106079,0.7212196255898639,0.7212196255898639,0.999999999861346,0.11328125
0.7,15.0,adjoint_slice,4,4070,41,1.7,0.2886596918106079,0.7212196255898639,0.7212196255898639,0.999999999861346,0.11328125
0.7,15.0,matched_filter,4,4070,41,1.7,0.10575968772172928,0.7212196255898639,0.05661193058552321,12.739710814602088,0.95703125
0.7,15.0,proposed_no_update,4,4070,41,1.7,0.2888794243335724,0.7212196255898639,0.7212196255898639,0.999999999861346,0.11328125
0.7,15.0,proposed,4,4070,41,1.7,0.17247112095355988,0.7212196255898639,0.6253448385965649,1.1533150686797626,0.72265625
0.7,15.0,oracle_sync,4,4070,41,1.7,0.10415446758270264,0.7212196255898639,0.0,7212196255.898639,1.0
0.7,15.0,naive_slice,5,5070,41,1.7,0.49487510323524475,0.6879285671944939,0.6879285671944939,0.9999999998546361,0.13671875
0.7,15.0,adjoint_lmmse,5,5070,41,1.7,0.27617594599723816,0.6879285671944939,0.6879285671944939,0.9999999998546361,0.13671875
0.7,15.0,adjoint_slice,5,5070,41,1.7,0.27617594599723816,0.6879285671944939,0.6879285671944939,0.9999999998546361,0.13671875
0.7,15.0,matched_filter,5,5070,41,1.7,0.10527344048023224,0.6879285671944939,0.05676724947519439,12.118405812197361,0.9765625
0.7,15.0,proposed_no_update,5,5070,41,1.7,0.27631837129592896,0.6879285671944939,0.6879285671944939,0.9999999998546361,0.13671875
0.7,15.0,proposed,5,5070,41,1.7,0.16448161005973816,0.6879285671944939,0.5614461103034462,1.225279780992978,0.75390625
0.7,15.0,oracle_sync,5,5070,41,1.7,0.10432739555835724,0.6879285671944939,0.0,6879285671.944939,1.0
0.7,15.0,naive_slice,6,6070,41,1.7,0.4940938651561737,0.6227692902501737,0.6227692902501737,0.9999999998394269,0.12109375
0.7,15.0,adjoint_lmmse,6,6070,41,1.7,0.26346030831336975,0.6227692902501737,0.6227692902501737,0.9999999998394269,0.12109375
0.7,15.0,adjoint_slice,6,6070,41,1.7,0.26346030831336975,0.6227692902501737,0.6227692902501737,0.9999999998394269,0.12109375
0.7,15.0,matched_filter,6,6070,41,1.7,0.10921631753444672,0.6227692902501737,0.03387282788748604,18.385512142070016,0.9921875
0.7,15.0,proposed_no_update,6,6070,41,1.7,0.26294150948524475,0.6227692902501737,0.6227692902501737,0.9999999998394269,0.12109375
0.7,15.0,proposed,6,6070,41,1.7,0.15811361372470856,0.6227692902501737,0.5002361201265119,1.2449506644345827,0.78515625
0.7,15.0,oracle_sync,6,6070,41,1.7,0.10773316025733948,0.6227692902501737,0.0,6227692902.501737,1.0
0.7,15.0,naive_slice,7,7070,41,1.7,0.4946187734603882,0.7344147567093926,0.7344147567093926,0.9999999998638371,0.109375
0.7,15.0,adjoint_lmmse,7,7070,41,1.7,0.29108482599258423,0.7344147567093926,0.7344147567093926,0.9999999998638371,0.109375
0.7,15.0,adjoint_slice,7,7070,41,1.7,0.29108482599258423,0.7344147567093926,0.7344147567093926,0.9999999998638371,0.109375
0.7,15.0,matched_filter,7,7070,41,1.7,0.10472005605697632,0.7344147567093926,0.11168368480551878,6.575846394490714,0.96875
0.7,15.0,proposed_no_update,7,7070,41,1.7,0.2910807430744171,0.7344147567093926,0.7344147567093926,0.9999999998638371,0.109375
0.7,15.0,proposed,7,7070,41,1.7,0.17144165933132172,0.7344147567093926,0.6081050404244743,1.2077103588484968,0.70703125
0.7,15.0,oracle_sync,7,7070,41,1.7,0.10265910625457764,0.7344147567093926,0.0,7344147567.093925,1.0
0.7,15.0,naive_slice,8,8070,41,1.7,0.49965211749076843,0.6662722400486644,0.6662722400486644,0.9999999998499112,0.14453125
0.7,15.0,adjoint_lmmse,8,8070,41,1.7,0.2682230770587921,0.6662722400486644,0.6662722400486644,0.9999999998499112,0.14453125
0.7,15.0,adjoint_slice,8,8070,41,1.7,0.2682230770587921,0.6662722400486644,0.6662722400486644,0.9999999998499112,0.14453125
0.7,15.0,matched_filter,8,8070,41,1.7,0.09236043691635132,0.6662722400486644,0.034888512762641814,19.09718085926501,0.984375
0.7,15.0,proposed_no_update,8,8070,41,1.7,0.26820477843284607,0.6662722400486644,0.6662722400486644,0.9999999998499112,0.14453125
0.7,15.0,proposed,8,8070,41,1.7,0.15151774883270264,0.6662722400486644,0.550234254981038,1.2108883332800435,0.77734375
0.7,15.0,oracle_sync,8,8070,41,1.7,0.09201660752296448,0.6662722400486644,0.0,6662722400.486644,1.0
0.7,15.0,naive_slice,9,9070,41,1.7,0.5027629137039185,0.71022558206863,0.71022558206863,0.9999999998591996,0.109375
0.7,15.0,adjoint_lmmse,9,9070,41,1.7,0.2897949516773224,0.71022558206863,0.71022558206863,0.9999999998591996,0.109375
0.7,15.0,adjoint_slice,9,9070,41,1.7,0.2897949516773224,0.71022558206863,0.71022558206863,0.9999999998591996,0.109375
0.7,15.0,matched_filter,9,9070,41,1.7,0.10654094070196152,0.71022558206863,0.037866951072986155,18.755816353530374,0.98828125
0.7,15.0,proposed_no_update,9,9070,41,1.7,0.29018351435661316,0.71022558206863,0.71022558206863,0.9999999998591996,0.109375
0.7,15.0,proposed,9,9070,41,1.7,0.16404826939105988,0.71022558206863,0.5527346525284524,1.2849304430095914,0.7421875
0.7,15.0,oracle_sync,9,9070,41,1.7,0.10711874067783356,0.71022558206863,0.0,7102255820.686299,1.0
1.0,15.0,naive_slice,0,100,41,1.7,0.5013611316680908,0.9732927275861,0.9732927275861,0.999999999897256,0.06640625
1.0,15.0,adjoint_lmmse,0,100,41,1.7,0.33485108613967896,0.9732927275861,0.9732927275861,0.999999999897256,0.06640625
1.0,15.0,adjoint_slice,0,100,41,1.7,0.33485108613967896,0.9732927275861,0.9732927275861,0.999999999897256,0.06640625
1.0,15.0,matched_filter,0,100,41,1.7,0.10432739555835724,0.9732927275861,0.17046147235369052,5.709751966682767,0.93359375
1.0,15.0,proposed_no_update,0,100,41,1.7,0.3353922665119171,0.9732927275861,0.9732927275861,0.999999999897256,0.06640625
1.0,15.0,proposed,0,100,41,1.7,0.22310791909694672,0.9732927275861,0.9095905003200215,1.0700339626861348,0.59375
1.0,15.0,oracle_sync,0,100,41,1.7,0.0959370955824852,0.9732927275861,0.0,9732927275.861,1.0
1.0,15.0,naive_slice,1,1100,41,1.7,0.5066935420036316,1.009979386478077,1.009979386478077,0.9999999999009881,0.08203125
1.0,15.0,adjoint_lmmse,1,1100,41,1.7,0.32928264141082764,1.009979386478077,1.009979386478077,0.9999999999009881,0.08203125
1.0,15.0,adjoint_slice,1,1100,41,1.7,0.32928264141082764,1.009979386478077,1.009979386478077,0.9999999999009881,0.08203125
1.0,15.0,matched_filter,1,1100,41,1.7,0.12005412578582764,1.009979386478077,0.27986188424165953,3.608849375304996,0.89453125
1.0,15.0,proposed_no_update,1,1100,41,1.7,0.32905274629592896,1.009979386478077,1.009979386478077,0.9999999999009881,0.08203125
1.0,15.0,proposed,1,1100,41,1.7,0.21472983062267303,1.009979386478077,0.9273433073520193,1.0891105573976803,0.62109375
1.0,15.0,oracle_sync,1,1100,41,1.7,0.1060689315199852,1.009979386478077,0.0,10099793864.78077,1.0
1.0,15.0,naive_slice,2,2100,41,1.7,0.5015238523483276,1.0849063264987793,1.0849063264987793,0.9999999999078262,0.07421875
1.0,15.0,adjoint_lmmse,2,2100,41,1.7,0.35394084453582764,1.0849063264987793,1.0849063264987793,0.9999999999078262,0.07421875
1.0,15.0,adjoint_slice,2,2100,41,1.7,0.35394084453582764,1.0849063264987793,1.0849063264987793,0.9999999999078262,0.07421875
1.0,15.0,matched_filter,2,2100,41,1.7,0.11665242910385132,1.0849063264987793,0.30167746858402267,3.5962457893569484,0.90234375
1.0,15.0,proposed_no_update,2,2100,41,1.7,0.35402020812034607,1.0849063264987793,1.0849063264987793,0.9999999999078262,0.07421875
1.0,15.0,proposed,2,2100,41,1.7,0.24011434614658356,1.0849063264987793,1.0127395881811463,1.0712589288033232,0.5390625
1.0,15.0,oracle_sync,2,2100,41,1.7,0.10383504629135132,1.0849063264987793,0.0,10849063264.987793,1.0
1.0,15.0,naive_slice,3,3100,41,1.7,0.5054667592048645,0.9226777639947115,0.9226777639947115,0.9999999998916198,0.10546875
1.0,15.0,adjoint_lmmse,3,3100,41,1.7,0.3277486264705658,0.9226777639947115,0.9226777639947115,0.9999999998916198,0.10546875
1.0,15.0,adjoint_slice,3,3100,41,1.7,0.3277486264705658,0.9226777639947115,0.9226777639947115,0.9999999998916198,0.10546875
1.0,15.0,matched_filter,3,3100,41,1.7,0.1100667342543602,0.9226777639947115,0.2511374345318812,3.673995337840327,0.92578125
1.0,15.0,proposed_no_update,3,3100,41,1.7,0.3278462886810303,0.9226777639947115,0.9226777639947115,0.9999999998916198,0.10546875
1.0,15.0,proposed,3,3100,41,1.7,0.20761312544345856,0.9226777639947115,0.8354347525949817,1.104428276437265,0.6171875
1.0,15.0,oracle_sync,3,3100,41,1.7,0.10049642622470856,0.9226777639947115,0.0,9226777639.947115,1.0
1.0,15.0,naive_slice,4,4100,41,1.7,0.4901367425918579,1.0473798306356432,1.0473798306356432,0.9999999999045236,0.09375
1.0,15.0,adjoint_lmmse,4,4100,41,1.7,0.33485108613967896,1.0473798306356432,1.0473798306356432,0.9999999999045236,0.09375
1.0,15.0,adjoint_slice,4,4100,41,1.7,0.33485108613967896,1.0473798306356432,1.0473798306356432,0.9999999999045236,0.09375
1.0,15.0,matched_filter,4,4100,41,1.7,0.12316081672906876,1.0473798306356432,0.21723736079223313,4.821361419296684,0.91015625
1.0,15.0,proposed_no_update,4,4100,41,1.7,0.3352701961994171,1.0473798306356432,1.0473798306356432,0.9999999999045236,0.09375
1.0,15.0,proposed,4,4100,41,1.7,0.2341308742761612,1.0473798306356432,0.9829123897100965,1.0655881861841239,0.578125
1.0,15.0,oracle_sync,4,4100,41,1.7,0.10915731638669968,1.0473798306356432,0.0,10473798306.356432,1.0
1.0,15.0,naive_slice,5,5100,41,1.7,0.5034261345863342,1.0401869514655193,1.0401869514655193,0.9999999999038635,0.0859375
1.0,15.0,adjoint_lmmse,5,5100,41,1.7,0.3218831419944763,1.0401869514655193,1.0401869514655193,0.9999999999038635,0.0859375
1.0,15.0,adjoint_slice,5,5100,41,1.7,0.3218831419944763,1.0401869514655193,1.0401869514655193,0.9999999999038635,0.0859375
1.0,15.0,matched_filter,5,5100,41,1.7,0.11304118484258652,1.0401869514655193,0.47493553347675455,2.190164512711522,0.91015625
1.0,15.0,proposed_no_update,5,5100,41,1.7,0.32197877764701843,1.0401869514655193,1.0401869514655193,0.9999999999038635,0.0859375
1.0,15.0,proposed,5,5100,41,1.7,0.22361044585704803,1.0401869514655193,1.0042139391127585,1.0358220602683144,0.59375
1.0,15.0,oracle_sync,5,5100,41,1.7,0.0982767790555954,1.0401869514655193,0.0,10401869514.655193,1.0
1.0,15.0,naive_slice,6,6100,41,1.7,0.4985962212085724,0.9437854659537573,0.9437854659537573,0.9999999998940438,0.07421875
1.0,15.0,adjoint_lmmse,6,6100,41,1.7,0.31639406085014343,0.9437854659537573,0.9437854659537573,0.9999999998940438,0.07421875
1.0,15.0,adjoint_slice,6,6100,41,1.7,0.31639406085014343,0.9437854659537573,0.9437854659537573,0.9999999998940438,0.07421875
1.0,15.0,matched_filter,6,6100,41,1.7,0.1113993376493454,0.9437854659537573,0.22103200213092866,4.269904160609802,0.93359375
1.0,15.0,proposed_no_update,6,6100,41,1.7,0.3163391351699829,0.9437854659537573,0.9437854659537573,0.9999999998940438,0.07421875
1.0,15.0,proposed,6,6100,41,1.7,0.20357057452201843,0.9437854659537573,0.8484945258100638,1.112305898428146,0.66796875
1.0,15.0,oracle_sync,6,6100,41,1.7,0.10131226480007172,0.9437854659537573,0.0,9437854659.537573,1.0
1.0,15.0,naive_slice,7,7100,41,1.7,0.5019327998161316,0.9555399417938107,0.9555399417938107,0.9999999998953472,0.078125
1.0,15.0,adjoint_lmmse,7,7100,41,1.7,0.33708497881889343,0.9555399417938107,0.9555399417938107,0.9999999998953472,0.078125
1.0,15.0,adjoint_slice,7,7100,41,1.7,0.33708497881889343,0.9555399417938107,0.9555399417938107,0.9999999998953472,0.078125
1.0,15.0,matched_filter,7,7100,41,1.7,0.12129313498735428,0.9555399417938107,0.22780463187876426,4.194558879219301,0.94140625
1.0,15.0,proposed_no_update,7,7100,41,1.7,0.3368469476699829,0.9555399417938107,0.9555399417938107,0.9999999998953472,0.078125
1.0,15.0,proposed,7,7100,41,1.7,0.22460532188415527,0.9555399417938107,0.8798371465507298,1.0860418265258045,0.59765625
1.0,15.0,oracle_sync,7,7100,41,1.7,0.1113789901137352,0.9555399417938107,0.0,9555399417.938107,1.0
1.0,15.0,naive_slice,8,8100,41,1.7,0.5047851800918579,1.0356357993177219,1.0356357993177219,0.9999999999034409,0.06640625
1.0,15.0,adjoint_lmmse,8,8100,41,1.7,0.34215089678764343,1.0356357993177219,1.0356357993177219,0.9999999999034409,0.06640625
1.0,15.0,adjoint_slice,8,8100,41,1.7,0.34215089678764343,1.0356357993177219,1.0356357993177219,0.9999999999034409,0.06640625
1.0,15.0,matched_filter,8,8100,41,1.7,0.11145223677158356,1.0356357993177219,0.4161771121806073,2.488449673848101,0.91796875
1.0,15.0,proposed_no_update,8,8100,41,1.7,0.3421122431755066,1.0356357993177219,1.0356357993177219,0.9999999999034409,0.06640625
1.0,15.0,proposed,8,8100,41,1.7,0.21782024204730988,1.0356357993177219,0.9715444086439816,1.0659685650979125,0.578125
1.0,15.0,oracle_sync,8,8100,41,1.7,0.09347941726446152,1.0356357993177219,0.0,10356357993.177217,1.0
1.0,15.0,naive_slice,9,9100,41,1.7,0.5007100701332092,1.0231007654165383,1.0231007654165383,0.999999999902258,0.06640625
1.0,15.0,adjoint_lmmse,9,9100,41,1.7,0.33592939376831055,1.0231007654165383,1.0231007654165383,0.999999999902258,0.06640625
1.0,15.0,adjoint_slice,9,9100,41,1.7,0.33592939376831055,1.0231007654165383,1.0231007654165383,0.999999999902258,0.06640625
1.0,15.0,matched_filter,9,9100,41,1.7,0.11025594919919968,1.0231007654165383,0.27839834928970164,3.674952698747517,0.93359375
1.0,15.0,proposed_no_update,9,9100,41,1.7,0.33624064922332764,1.0231007654165383,1.0231007654165383,0.999999999902258,0.06640625
1.0,15.0,proposed,9,9100,41,1.7,0.23071493208408356,1.0231007654165383,0.966168447087443,1.058925871978978,0.5625
1.0,15.0,oracle_sync,9,9100,41,1.7,0.09862875193357468,1.0231007654165383,0.0,10231007654.165382,1.0
1.5,15.0,naive_slice,0,150,41,1.7,0.4885193109512329,1.5324312281130361,1.5324312281130361,0.9999999999347442,0.05078125
1.5,15.0,adjoint_lmmse,0,150,41,1.7,0.3740682303905487,1.5324312281130361,1.5324312281130361,0.9999999999347442,0.05078125
1.5,15.0,adjoint_slice,0,150,41,1.7,0.3740682303905487,1.5324312281130361,1.5324312281130361,0.9999999999347442,0.05078125
1.5,15.0,matched_filter,0,150,41,1.7,0.16390381753444672,1.5324312281130361,0.9396892186192326,1.630785154906526,0.76171875
1.5,15.0,proposed_no_update,0,150,41,1.7,0.3737386167049408,1.5324312281130361,1.5324312281130361,0.9999999999347442,0.05078125
1.5,15.0,proposed,0,150,41,1.7,0.2945149838924408,1.5324312281130361,1.4889199267715914,1.029223399093642,0.43359375
1.5,15.0,oracle_sync,0,150,41,1.7,0.10642700642347336,1.5324312281130361,0.0,15324312281.13036,1.0
1.5,15.0,naive_slice,1,1150,41,1.7,0.49507448077201843,1.5897991020565838,1.5897991020565838,0.999999999937099,0.05078125
1.5,15.0,adjoint_lmmse,1,1150,41,1.7,0.3822876214981079,1.5897991020565838,1.5897991020565838,0.999999999937099,0.05078125
1.5,15.0,adjoint_slice,1,1150,41,1.7,0.3822876214981079,1.5897991020565838,1.5897991020565838,0.999999999937099,0.05078125
1.5,15.0,matched_filter,1,1150,41,1.7,0.15608520805835724,1.5897991020565838,1.1748357052789475,1.3532097252217818,0.7578125
1.5,15.0,proposed_no_update,1,1150,41,1.7,0.38274335861206055,1.5897991020565838,1.5897991020565838,0.999999999937099,0.05078125
1.5,15.0,proposed,1,1150,41,1.7,0.28617963194847107,1.5897991020565838,1.5384655053869183,1.0333667517318945,0.421875
1.5,15.0,oracle_sync,1,1150,41,1.7,0.09304606914520264,1.5897991020565838,0.0,15897991020.565838,1.0
1.5,15.0,naive_slice,2,2150,41,1.7,0.48908692598342896,1.5045555128579948,1.5045555128579948,0.9999999999335352,0.05078125
1.5,15.0,adjoint_lmmse,2,2150,41,1.7,0.3804464042186737,1.5045555128579948,1.5045555128579948,0.9999999999335352,0.05078125
1.5,15.0,adjoint_slice,2,2150,41,1.7,0.3804464042186737,1.5045555128579948,1.5045555128579948,0.9999999999335352,0.05078125
1.5,15.0,matched_filter,2,2150,41,1.7,0.1763407438993454,1.5045555128579948,0.8300523775121358,1.8126031000432103,0.75
1.5,15.0,proposed_no_update,2,2150,41,1.7,0.3809753656387329,1.5045555128579948,1.5045555128579948,0.9999999999335352,0.05078125
1.5,15.0,proposed,2,2150,41,1.7,0.30177614092826843,1.5045555128579948,1.4542654422688999,1.0345810806087614,0.43359375
1.5,15.0,oracle_sync,2,2150,41,1.7,0.12988892197608948,1.5045555128579948,0.0,15045555128.579948,1.0
1.5,15.0,naive_slice,3,3150,41,1.7,0.5047973990440369,1.5265296722325281,1.5265296722325281,0.999999999934492,0.05078125
1.5,15.0,adjoint_lmmse,3,3150,41,1.7,0.3836873471736908,1.5265296722325281,1.5265296722325281,0.999999999934492,0.05078125
1.5,15.0,adjoint_slice,3,3150,41,1.7,0.3836873471736908,1.5265296722325281,1.5265296722325281,0.999999999934492,0.05078125
1.5,15.0,matched_filter,3,3150,41,1.7,0.17640991508960724,1.5265296722325281,0.9163929623584135,1.6658024829624365,0.7578125
1.5,15.0,proposed_no_update,3,3150,41,1.7,0.38346558809280396,1.5265296722325281,1.5265296722325281,0.999999999934492,0.05078125
1.5,15.0,proposed,3,3150,41,1.7,0.2960449457168579,1.5265296722325281,1.4866670433530127,1.026813420634474,0.4140625
1.5,15.0,oracle_sync,3,3150,41,1.7,0.11830241233110428,1.5265296722325281,0.0,15265296722.325281,1.0
1.5,15.0,naive_slice,4,4150,41,1.7,0.49749556183815,1.4546350988262993,1.4546350988262993,0.9999999999312542,0.05078125
1.5,15.0,adjoint_lmmse,4,4150,41,1.7,0.3713318109512329,1.4546350988262993,1.4546350988262993,0.9999999999312542,0.05078125
1.5,15.0,adjoint_slice,4,4150,41,1.7,0.3713318109512329,1.4546350988262993,1.4546350988262993,0.9999999999312542,0.05078125
1.5,15.0,matched_filter,4,4150,41,1.7,0.1676330715417862,1.4546350988262993,0.740028869269683,1.9656464214230986,0.7734375
1.5,15.0,proposed_no_update,4,4150,41,1.7,0.37189537286758423,1.4546350988262993,1.4546350988262993,0.9999999999312542,0.05078125
1.5,15.0,proposed,4,4150,41,1.7,0.28213706612586975,1.4546350988262993,1.4140220782846036,1.0287216310569156,0.46875
1.5,15.0,oracle_sync,4,4150,41,1.7,0.11819865554571152,1.4546350988262993,0.0,14546350988.262993,1.0
1.5,15.0,naive_slice,5,5150,41,1.7,0.4995687007904053,1.4703393768186883,1.4703393768186883,0.9999999999319885,0.04296875
1.5,15.0,adjoint_lmmse,5,5150,41,1.7,0.3850545585155487,1.4703393768186883,1.4703393768186883,0.9999999999319885,0.04296875
1.5,15.0,adjoint_slice,5,5150,41,1.7,0.3850545585155487,1.4703393768186883,1.4703393768186883,0.9999999999319885,0.04296875
1.5,15.0,matched_filter,5,5150,41,1.7,0.15550130605697632,1.4703393768186883,0.8049168139107553,1.826697307380439,0.76953125
1.5,15.0,proposed_no_update,5,5150,41,1.7,0.38514000177383423,1.4703393768186883,1.4703393768186883,0.9999999999319885,0.04296875
1.5,15.0,proposed,5,5150,41,1.7,0.28903403878211975,1.4703393768186883,1.4305316569990016,1.0278272204058827,0.41796875
1.5,15.0,oracle_sync,5,5150,41,1.7,0.1045634001493454,1.4703393768186883,0.0,14703393768.186882,1.0
1.5,15.0,naive_slice,6,6150,41,1.7,0.48549196124076843,1.5166855878105239,1.5166855878105239,0.9999999999340667,0.05859375
1.5,15.0,adjoint_lmmse,6,6150,41,1.7,0.3784525692462921,1.5166855878105239,1.5166855878105239,0.9999999999340667,0.05859375
1.5,15.0,adjoint_slice,6,6150,41,1.7,0.3784525692462921,1.5166855878105239,1.5166855878105239,0.9999999999340667,0.05859375
1.5,15.0,matched_filter,6,6150,41,1.7,0.16526897251605988,1.5166855878105239,0.8528575950121692,1.7783573676342144,0.76171875
1.5,15.0,proposed_no_update,6,6150,41,1.7,0.3782287836074829,1.5166855878105239,1.5166855878105239,0.9999999999340667,0.05859375
1.5,15.0,proposed,6,6150,41,1.7,0.284088134765625,1.5166855878105239,1.4919622586672534,1.016571015049468,0.453125
1.5,15.0,oracle_sync,6,6150,41,1.7,0.10979004204273224,1.5166855878105239,0.0,15166855878.105238,1.0
1.5,15.0,naive_slice,7,7150,41,1.7,0.5103638172149658,1.5579444743912656,1.5579444743912656,0.9999999999358129,0.06640625
1.5,15.0,adjoint_lmmse,7,7150,41,1.7,0.38051149249076843,1.5579444743912656,1.5579444743912656,0.9999999999358129,0.06640625
1.5,15.0,adjoint_slice,7,7150,41,1.7,0.38051149249076843,1.5579444743912656,1.5579444743912656,0.9999999999358129,0.06640625
1.5,15.0,matched_filter,7,7150,41,1.7,0.17065227031707764,1.5579444743912656,0.916669494378992,1.6995705472633356,0.734375
1.5,15.0,proposed_no_update,7,7150,41,1.7,0.38031211495399475,1.5579444743912656,1.5579444743912656,0.9999999999358129,0.06640625
1.5,15.0,proposed,7,7150,41,1.7,0.2939392328262329,1.5579444743912656,1.5246843905348109,1.0218144056309297,0.421875
1.5,15.0,oracle_sync,7,7150,41,1.7,0.10439249873161316,1.5579444743912656,0.0,15579444743.912655,1.0
1.5,15.0,naive_slice,8,8150,41,1.7,0.5008484125137329,1.55783328492619,1.55783328492619,0.9999999999358082,0.046875
1.5,15.0,adjoint_lmmse,8,8150,41,1.7,0.39523112773895264,1.55783328492619,1.55783328492619,0.9999999999358082,0.046875
1.5,15.0,adjoint_slice,8,8150,41,1.7,0.39523112773895264,1.55783328492619,1.55783328492619,0.9999999999358082,0.046875
1.5,15.0,matched_filter,8,8150,41,1.7,0.16580811142921448,1.55783328492619,0.8910576367187805,1.7482968784016106,0.75
1.5,15.0,proposed_no_update,8,8150,41,1.7,0.39552614092826843,1.55783328492619,1.55783328492619,0.9999999999358082,0.046875
1.5,15.0,proposed,8,8150,41,1.7,0.3011983335018158,1.55783328492619,1.5130385359399932,1.0296058215433403,0.37890625
1.5,15.0,oracle_sync,8,8150,41,1.7,0.10677286982536316,1.55783328492619,0.0,15578332849.2619,1.0
1.5,15.0,naive_slice,9,9150,41,1.7,0.491178423166275,1.5382094868056242,1.5382094868056242,0.9999999999349893,0.05859375
1.5,15.0,adjoint_lmmse,9,9150,41,1.7,0.3892517387866974,1.5382094868056242,1.5382094868056242,0.9999999999349893,0.05859375
1.5,15.0,adjoint_slice,9,9150,41,1.7,0.3892517387866974,1.5382094868056242,1.5382094868056242,0.9999999999349893,0.05859375
1.5,15.0,matched_filter,9,9150,41,1.7,0.17116495966911316,1.5382094868056242,1.1317539488426371,1.3591377244521443,0.74609375
1.5,15.0,proposed_no_update,9,9150,41,1.7,0.3896423578262329,1.5382094868056242,1.5382094868056242,0.9999999999349893,0.05859375
1.5,15.0,proposed,9,9150,41,1.7,0.29531046748161316,1.5382094868056242,1.493890943293734,1.0296665185687583,0.41796875
1.5,15.0,oracle_sync,9,9150,41,1.7,0.11026611924171448,1.5382094868056242,0.0,15382094868.056242,1.0
