snr_db,method,mc_idx,seed,ber,rmse_tau_init,rmse_tau_final,improvement,success_rate
-5,random_init,0,950,0.45746666193008423,0.29559780583136175,1.9362483222226246,0.15266523535409846,0.04296875
-5,proposed_no_update,0,950,0.3429199457168579,0.29559780583136175,0.29559780583136175,0.9999999996617025,0.2265625
-5,proposed_tau_slice,0,950,0.3228291869163513,0.29559780583136175,0.14605539714518712,2.023874580513678,0.5546875
-5,proposed,0,950,0.3224792778491974,0.29559780583136175,0.14605539714518712,2.023874580513678,0.5546875
-5,oracle_sync,0,950,0.3173258602619171,0.29559780583136175,0.0,2955978058.313617,1.0
-5,random_init,1,1950,0.45250245928764343,0.3239449136748951,1.985046960217045,0.16319256931994983,0.03125
-5,proposed_no_update,1,1950,0.3469340205192566,0.3239449136748951,0.3239449136748951,0.9999999996913055,0.24609375
-5,proposed_tau_slice,1,1950,0.32460737228393555,0.3239449136748951,0.17986951781396773,1.8009995102663205,0.46484375
-5,proposed,1,1950,0.3249959349632263,0.3239449136748951,0.17986951781396773,1.8009995102663205,0.46484375
-5,oracle_sync,1,1950,0.3172953426837921,0.3239449136748951,0.0,3239449136.748951,1.0
-5,random_init,2,2950,0.46258345246315,0.2886314961608856,2.027697352044816,0.14234446568447848,0.01953125
-5,proposed_no_update,2,2950,0.3430847227573395,0.2886314961608856,0.2886314961608856,0.9999999996535375,0.30078125
-5,proposed_tau_slice,2,2950,0.32366129755973816,0.2886314961608856,0.13570456373604806,2.1269107537871514,0.5703125
-5,proposed,2,2950,0.32400310039520264,0.2886314961608856,0.13570456373604806,2.1269107537871514,0.5703125
-5,oracle_sync,2,2950,0.3197571039199829,0.2886314961608856,0.0,2886314961.608856,1.0
-5,random_init,3,3950,0.4570109248161316,0.29378812361129686,2.0010107379084645,0.1468198635973807,0.0625
-5,proposed_no_update,3,3950,0.33914390206336975,0.29378812361129686,0.29378812361129686,0.9999999996596186,0.24609375
-5,proposed_tau_slice,3,3950,0.3201049864292145,0.29378812361129686,0.1399798099591315,2.0987892717327754,0.5625
-5,proposed,3,3950,0.3199666440486908,0.29378812361129686,0.1399798099591315,2.0987892717327754,0.5625
-5,oracle_sync,3,3950,0.31559449434280396,0.29378812361129686,0.0,2937881236.1129684,1.0
-5,random_init,4,4950,0.4516703486442566,0.27708833280344936,1.8800107029753033,0.1473865719754632,0.0625
-5,proposed_no_update,4,4950,0.3382365107536316,0.27708833280344936,0.27708833280344936,0.9999999996391042,0.22265625
-5,proposed_tau_slice,4,4950,0.32406821846961975,0.27708833280344936,0.16934859006152722,1.6362010013733113,0.55078125
-5,proposed,4,4950,0.32420045137405396,0.27708833280344936,0.16934859006152722,1.6362010013733113,0.55078125
-5,oracle_sync,4,4950,0.31798097491264343,0.27708833280344936,0.0,2770883328.0344934,1.0
-5,random_init,5,5950,0.4620158076286316,0.2746820026005391,2.044290070298925,0.13436547316738537,0.04296875
-5,proposed_no_update,5,5950,0.33754274249076843,0.2746820026005391,0.2746820026005391,0.9999999996359427,0.26953125
-5,proposed_tau_slice,5,5950,0.3198547661304474,0.2746820026005391,0.12831437743396337,2.140695437873545,0.65625
-5,proposed,5,5950,0.3200622797012329,0.2746820026005391,0.12831437743396337,2.140695437873545,0.65625
-5,oracle_sync,5,5950,0.31628623604774475,0.2746820026005391,0.0,2746820026.005391,1.0
-5,random_init,6,6950,0.4568278193473816,0.3018432601129016,1.9266818638675212,0.15666481620963132,0.03515625
-5,proposed_no_update,6,6950,0.34203898906707764,0.3018432601129016,0.3018432601129016,0.9999999996687022,0.23828125
-5,proposed_tau_slice,6,6950,0.3215271234512329,0.3018432601129016,0.15299583875010628,1.9728854221233083,0.48046875
-5,proposed,6,6950,0.3214966058731079,0.3018432601129016,0.15299583875010628,1.9728854221233083,0.48046875
-5,oracle_sync,6,6950,0.3158833980560303,0.3018432601129016,0.0,3018432601.1290154,1.0
-5,random_init,7,7950,0.46488648653030396,0.2849730155457995,1.9830523992192137,0.14370422871510172,0.03125
-5,proposed_no_update,7,7950,0.3404296934604645,0.2849730155457995,0.2849730155457995,0.9999999996490896,0.30078125
-5,proposed_tau_slice,7,7950,0.3239990472793579,0.2849730155457995,0.14457033720474494,1.9711721011281504,0.60546875
-5,proposed,7,7950,0.32362470030784607,0.2849730155457995,0.14457033720474494,1.9711721011281504,0.60546875
-5,oracle_sync,7,7950,0.31845298409461975,0.2849730155457995,0.0,2849730155.457995,1.0
-5,random_init,8,8950,0.46968385577201843,0.31630668074597085,2.089421709314047,0.15138479672190028,0.01953125
-5,proposed_no_update,8,8950,0.34511110186576843,0.31630668074597085,0.31630668074597085,0.9999999996838511,0.24609375
-5,proposed_tau_slice,8,8950,0.32351890206336975,0.31630668074597085,0.17918702262642972,1.7652320794954324,0.515625
-5,proposed,8,8950,0.32359009981155396,0.31630668074597085,0.17918702262642972,1.7652320794954324,0.515625
-5,oracle_sync,8,8950,0.3166341185569763,0.31630668074597085,0.0,3163066807.459708,1.0
-5,random_init,9,9950,0.45530804991722107,0.31434843759379033,1.9968454421036428,0.15742251801265467,0.03125
-5,proposed_no_update,9,9950,0.34388023614883423,0.31434843759379033,0.31434843759379033,0.9999999996818817,0.26171875
-5,proposed_tau_slice,9,9950,0.32327067852020264,0.31434843759379033,0.16462061196994893,1.9095326741964764,0.5703125
-5,proposed,9,9950,0.32349449396133423,0.31434843759379033,0.16462061196994893,1.9095326741964764,0.5703125
-5,oracle_sync,9,9950,0.3176473081111908,0.31434843759379033,0.0,3143484375.9379034,1.0
0,random_init,0,1000,0.44011232256889343,0.2983291466607543,2.0648147888618116,0.14448227911557826,0.046875
0,proposed_no_update,0,1000,0.25035199522972107,0.2983291466607543,0.2983291466607543,0.9999999996647997,0.234375
0,proposed_tau_slice,0,1000,0.21208293735980988,0.2983291466607543,0.08082932518249611,3.6908528633401643,0.78515625
0,proposed,0,1000,0.21206259727478027,0.2983291466607543,0.08082932518249611,3.6908528633401643,0.78515625
0,oracle_sync,0,1000,0.21011556684970856,0.2983291466607543,0.0,2983291466.6075425,1.0
0,random_init,1,2000,0.42939049005508423,0.30937910677802666,2.0664703241684466,0.14971379126266926,0.03125
0,proposed_no_update,1,2000,0.25477704405784607,0.30937910677802666,0.30937910677802666,0.9999999996767719,0.2578125
0,proposed_tau_slice,1,2000,0.21746623516082764,0.30937910677802666,0.0946523376473447,3.2685838949255723,0.81640625
0,proposed,1,2000,0.21694336831569672,0.30937910677802666,0.0946523376473447,3.2685838949255723,0.81640625
0,oracle_sync,1,2000,0.21334229409694672,0.30937910677802666,0.0,3093791067.7802663,1.0
0,random_init,2,3000,0.4395487606525421,0.2891106370728558,2.0031486900522064,0.144328096308661,0.01953125
0,proposed_no_update,2,3000,0.24589641392230988,0.2891106370728558,0.2891106370728558,0.9999999996541116,0.2734375
0,proposed_tau_slice,2,3000,0.21333211660385132,0.2891106370728558,0.10923129268062906,2.646774836341828,0.83203125
0,proposed,2,3000,0.21360068023204803,0.2891106370728558,0.10923129268062906,2.646774836341828,0.83203125
0,oracle_sync,2,3000,0.2098083645105362,0.2891106370728558,0.0,2891106370.7285576,1.0
0,random_init,3,4000,0.43886518478393555,0.28605138623473214,1.970664722753754,0.14515477083311062,0.046875
0,proposed_no_update,3,4000,0.25803428888320923,0.28605138623473214,0.28605138623473214,0.9999999996504124,0.2109375
0,proposed_tau_slice,3,4000,0.2245320826768875,0.28605138623473214,0.07591911633130614,3.767843985560078,0.83984375
0,proposed,3,4000,0.2257222682237625,0.28605138623473214,0.07591911633130614,3.767843985560078,0.83984375
0,oracle_sync,3,4000,0.22389528155326843,0.28605138623473214,0.0,2860513862.3473215,1.0
0,random_init,4,5000,0.4266255795955658,0.3136009387427051,2.0750408784414236,0.15113000518965186,0.03515625
0,proposed_no_update,4,5000,0.25363364815711975,0.3136009387427051,0.3136009387427051,0.9999999996811234,0.265625
0,proposed_tau_slice,4,5000,0.21116334199905396,0.3136009387427051,0.08442258835948452,3.7146567579268934,0.7890625
0,proposed,4,5000,0.2112528532743454,0.3136009387427051,0.08442258835948452,3.7146567579268934,0.7890625
0,oracle_sync,4,5000,0.20850017666816711,0.3136009387427051,0.0,3136009387.427051,1.0
0,random_init,5,6000,0.43295085430145264,0.29324891167029393,1.9185883191226756,0.15284618838350117,0.01953125
0,proposed_no_update,5,6000,0.24837037920951843,0.29324891167029393,0.29324891167029393,0.9999999996589928,0.28515625
0,proposed_tau_slice,5,6000,0.21224570274353027,0.29324891167029393,0.07841623963856978,3.7396451633991914,0.86328125
0,proposed,5,6000,0.21244508028030396,0.29324891167029393,0.07841623963856978,3.7396451633991914,0.86328125
0,oracle_sync,5,6000,0.21031291782855988,0.29324891167029393,0.0,2932489116.702939,1.0
0,random_init,6,7000,0.42940473556518555,0.3044155223475018,1.9859790713134569,0.15328234155601841,0.05078125
0,proposed_no_update,6,7000,0.2516540586948395,0.3044155223475018,0.3044155223475018,0.9999999996715017,0.2109375
0,proposed_tau_slice,6,7000,0.21716716885566711,0.3044155223475018,0.13893520859167652,2.191061036393283,0.81640625
0,proposed,6,7000,0.2164205014705658,0.3044155223475018,0.13893520859167652,2.191061036393283,0.81640625
0,oracle_sync,6,7000,0.21116945147514343,0.3044155223475018,0.0,3044155223.475018,1.0
0,random_init,7,8000,0.43399864435195923,0.305659828099226,2.008484535232525,0.1521843074826667,0.0234375
0,proposed_no_update,7,8000,0.2501363158226013,0.305659828099226,0.305659828099226,0.9999999996728389,0.265625
0,proposed_tau_slice,7,8000,0.20957031846046448,0.305659828099226,0.08162381885538976,3.744738141525572,0.82421875
0,proposed,7,8000,0.20953573286533356,0.305659828099226,0.08162381885538976,3.744738141525572,0.82421875
0,oracle_sync,7,8000,0.20709839463233948,0.305659828099226,0.0,3056598280.9922595,1.0
0,random_init,8,9000,0.43499961495399475,0.3091101624682385,2.0999475316257588,0.14719899321208688,0.05078125
0,proposed_no_update,8,9000,0.2560628354549408,0.3091101624682385,0.3091101624682385,0.9999999996764907,0.25390625
0,proposed_tau_slice,8,9000,0.21727906167507172,0.3091101624682385,0.1111310591710121,2.7814920913731287,0.84375
0,proposed,8,9000,0.21791179478168488,0.3091101624682385,0.1111310591710121,2.7814920913731287,0.84375
0,oracle_sync,8,9000,0.21523235738277435,0.3091101624682385,0.0,3091101624.682385,1.0
0,random_init,9,10000,0.42991334199905396,0.29138727840838224,1.8719055883620521,0.1556634480950423,0.046875
0,proposed_no_update,9,10000,0.25605878233909607,0.29138727840838224,0.29138727840838224,0.9999999996568141,0.26171875
0,proposed_tau_slice,9,10000,0.22128704190254211,0.29138727840838224,0.09037677431061893,3.2241389484038208,0.828125
0,proposed,9,10000,0.22207438945770264,0.29138727840838224,0.09037677431061893,3.2241389484038208,0.828125
0,oracle_sync,9,10000,0.21891683340072632,0.29138727840838224,0.0,2913872784.0838223,1.0
5,random_init,0,1050,0.4127645194530487,0.28715443559830306,1.9715797439139482,0.14564687858563816,0.03515625
5,proposed_no_update,0,1050,0.19929403066635132,0.28715443559830306,0.28715443559830306,0.9999999996517553,0.2578125
5,proposed_tau_slice,0,1050,0.15797729790210724,0.28715443559830306,0.03590030467772929,7.9986628909189355,0.984375
5,proposed,0,1050,0.15603435039520264,0.28715443559830306,0.03590030467772929,7.9986628909189355,0.984375
5,oracle_sync,0,1050,0.15552368760108948,0.28715443559830306,0.0,2871544355.9830303,1.0
5,random_init,1,2050,0.4083557426929474,0.303643402680808,1.8346059810186979,0.16550878270638453,0.03515625
5,proposed_no_update,1,2050,0.17626139521598816,0.303643402680808,0.303643402680808,0.9999999996706663,0.2734375
5,proposed_tau_slice,1,2050,0.12069906294345856,0.303643402680808,0.09749062865011611,3.11459066962317,0.9453125
5,proposed,1,2050,0.12140706926584244,0.303643402680808,0.09749062865011611,3.11459066962317,0.9453125
5,oracle_sync,1,2050,0.11894531548023224,0.303643402680808,0.0,3036434026.8080797,1.0
5,random_init,2,3050,0.4193461239337921,0.31516541658300745,2.017996489422954,0.15617738594654904,0.0390625
5,proposed_no_update,2,3050,0.18061524629592896,0.31516541658300745,0.31516541658300745,0.9999999996827063,0.25
5,proposed_tau_slice,2,3050,0.12100627273321152,0.31516541658300745,0.05588900012224771,5.639131409216901,0.94921875
5,proposed,2,3050,0.12090658396482468,0.31516541658300745,0.05588900012224771,5.639131409216901,0.94921875
5,oracle_sync,2,3050,0.11920980364084244,0.31516541658300745,0.0,3151654165.8300743,1.0
5,random_init,3,4050,0.4146932065486908,0.29786715013557147,1.9044387504201872,0.15640678916778533,0.05859375
5,proposed_no_update,3,4050,0.20075073838233948,0.29786715013557147,0.29786715013557147,0.9999999996642799,0.2890625
5,proposed_tau_slice,3,4050,0.14986573159694672,0.29786715013557147,0.056503419084335316,5.271665935185573,0.97265625
5,proposed,3,4050,0.1517130583524704,0.29786715013557147,0.056503419084335316,5.271665935185573,0.97265625
5,oracle_sync,3,4050,0.1496277004480362,0.29786715013557147,0.0,2978671501.355715,1.0
5,random_init,4,5050,0.3995320796966553,0.30481610939315273,1.9584988007950281,0.15563762880725415,0.0390625
5,proposed_no_update,4,5050,0.17499594390392303,0.30481610939315273,0.30481610939315273,0.9999999996719333,0.2421875
5,proposed_tau_slice,4,5050,0.1197916716337204,0.30481610939315273,0.04627965035799148,6.586396102317961,0.95703125
5,proposed,4,5050,0.11944987624883652,0.30481610939315273,0.04627965035799148,6.586396102317961,0.95703125
5,oracle_sync,4,5050,0.11846517771482468,0.30481610939315273,0.0,3048161093.931527,1.0
5,random_init,5,6050,0.4058166742324829,0.2990843069238652,2.033371072572009,0.14708791274916924,0.0546875
5,proposed_no_update,5,6050,0.18252971768379211,0.2990843069238652,0.2990843069238652,0.9999999996656461,0.2890625
5,proposed_tau_slice,5,6050,0.13125203549861908,0.2990843069238652,0.045960190660999614,6.507464437629332,0.95703125
5,proposed,5,6050,0.13031210005283356,0.2990843069238652,0.045960190660999614,6.507464437629332,0.95703125
5,oracle_sync,5,6050,0.12961630523204803,0.2990843069238652,0.0,2990843069.2386518,1.0
5,random_init,6,7050,0.40830284357070923,0.2885396436330411,1.9411040625693683,0.14864717929457477,0.02734375
5,proposed_no_update,6,7050,0.1705118864774704,0.2885396436330411,0.2885396436330411,0.9999999996534271,0.2734375
5,proposed_tau_slice,6,7050,0.11976929008960724,0.2885396436330411,0.04628765955790819,6.233619192793742,0.9609375
5,proposed,6,7050,0.11972453445196152,0.2885396436330411,0.04628765955790819,6.233619192793742,0.9609375
5,oracle_sync,6,7050,0.1184488981962204,0.2885396436330411,0.0,2885396436.3304105,1.0
5,random_init,7,8050,0.4073140621185303,0.296339164019762,1.896215291619838,0.1562792818483111,0.046875
5,proposed_no_update,7,8050,0.18624065816402435,0.296339164019762,0.296339164019762,0.9999999996625488,0.3203125
5,proposed_tau_slice,7,8050,0.13777466118335724,0.296339164019762,0.04593606492868967,6.451122094038343,0.96484375
5,proposed,7,8050,0.1362203061580658,0.296339164019762,0.04593606492868967,6.451122094038343,0.96484375
5,oracle_sync,7,8050,0.13502605259418488,0.296339164019762,0.0,2963391640.19762,1.0
5,random_init,8,9050,0.4206583797931671,0.30909354876878914,1.912582308527502,0.16161058657423186,0.03515625
5,proposed_no_update,8,9050,0.21621094644069672,0.30909354876878914,0.30909354876878914,0.9999999996764734,0.2578125
5,proposed_tau_slice,8,9050,0.16898804903030396,0.30909354876878914,0.07679658326815357,4.024834637330569,0.953125
5,proposed,8,9050,0.17114868760108948,0.30909354876878914,0.07679658326815357,4.024834637330569,0.953125
5,oracle_sync,8,9050,0.1684061735868454,0.30909354876878914,0.0,3090935487.6878915,1.0
5,random_init,9,10050,0.4211324155330658,0.29547463040933547,2.1511721372178387,0.13735517733961736,0.046875
5,proposed_no_update,9,10050,0.20217286050319672,0.29547463040933547,0.29547463040933547,0.9999999996615614,0.26171875
5,proposed_tau_slice,9,10050,0.15827231109142303,0.29547463040933547,0.05968554784333052,4.950522204971277,0.95703125
5,proposed,9,10050,0.15645548701286316,0.29547463040933547,0.05968554784333052,4.950522204971277,0.95703125
5,oracle_sync,9,10050,0.15436401963233948,0.29547463040933547,0.0,2954746304.0933547,1.0
10,random_init,0,1100,0.4001119136810303,0.30299382558865473,1.9681684174858793,0.1539471027384443,0.05078125
10,proposed_no_update,0,1100,0.15952353179454803,0.30299382558865473,0.30299382558865473,0.9999999996699602,0.2734375
10,proposed_tau_slice,0,1100,0.1015930250287056,0.30299382558865473,0.07385275314762685,4.102674744876773,0.9765625
10,proposed,0,1100,0.10069173574447632,0.30299382558865473,0.07385275314762685,4.102674744876773,0.9765625
10,oracle_sync,0,1100,0.09890341013669968,0.30299382558865473,0.0,3029938255.886547,1.0
10,random_init,1,2100,0.4029683768749237,0.3254719137568978,2.0291698708072983,0.16039658306742466,0.0546875
10,proposed_no_update,1,2100,0.16803589463233948,0.3254719137568978,0.3254719137568978,0.9999999996927538,0.234375
10,proposed_tau_slice,1,2100,0.0976664274930954,0.3254719137568978,0.04651676895640372,6.996872748454394,0.97265625
10,proposed,1,2100,0.09806722402572632,0.3254719137568978,0.04651676895640372,6.996872748454394,0.97265625
10,oracle_sync,1,2100,0.09619548171758652,0.3254719137568978,0.0,3254719137.5689783,1.0
10,random_init,2,3100,0.3929850459098816,0.2768033384590786,2.072094781313833,0.13358623405740638,0.04296875
10,proposed_no_update,2,3100,0.14781087636947632,0.2768033384590786,0.2768033384590786,0.9999999996387327,0.265625
10,proposed_tau_slice,2,3100,0.09606730937957764,0.2768033384590786,0.0371701673749372,7.446922014696848,0.984375
10,proposed,2,3100,0.09650065749883652,0.2768033384590786,0.0371701673749372,7.446922014696848,0.984375
10,oracle_sync,2,3100,0.0959065780043602,0.2768033384590786,0.0,2768033384.590786,1.0
10,random_init,3,4100,0.41636762022972107,0.31421396073960034,2.141476648523019,0.1467277081641967,0.03125
10,proposed_no_update,3,4100,0.17340496182441711,0.31421396073960034,0.31421396073960034,0.9999999996817455,0.2734375
10,proposed_tau_slice,3,4100,0.10849609971046448,0.31421396073960034,0.08917516995414153,3.523558862280044,0.96875
10,proposed,3,4100,0.11020711809396744,0.31421396073960034,0.08917516995414153,3.523558862280044,0.96875
10,oracle_sync,3,4100,0.10831096023321152,0.31421396073960034,0.0,3142139607.3960032,1.0
10,random_init,4,5100,0.41575929522514343,0.3120561018763427,1.9786070060085703,0.15771504948326232,0.0390625
10,proposed_no_update,4,5100,0.15828858315944672,0.3120561018763427,0.3120561018763427,0.9999999996795448,0.296875
10,proposed_tau_slice,4,5100,0.09548136591911316,0.3120561018763427,0.09911141208494985,3.1485385486589674,0.96875
10,proposed,4,5100,0.09588216990232468,0.3120561018763427,0.09911141208494985,3.1485385486589674,0.96875
10,oracle_sync,4,5100,0.09280803054571152,0.3120561018763427,0.0,3120561018.763427,1.0
10,random_init,5,6100,0.39521893858909607,0.28313565085385023,1.8780699712685294,0.150758840283002,0.05078125
10,proposed_no_update,5,6100,0.15006715059280396,0.28313565085385023,0.28313565085385023,0.9999999996468124,0.2734375
10,proposed_tau_slice,5,6100,0.09640300273895264,0.28313565085385023,0.03128888328348161,9.049081342523284,0.984375
10,proposed,5,6100,0.09601441025733948,0.28313565085385023,0.03128888328348161,9.049081342523284,0.984375
10,oracle_sync,5,6100,0.09529012441635132,0.28313565085385023,0.0,2831356508.538502,1.0
10,random_init,6,7100,0.3987386226654053,0.286661995697063,2.02517319833919,0.14154937262550912,0.05078125
10,proposed_no_update,6,7100,0.15593262016773224,0.286661995697063,0.286661995697063,0.999999999651157,0.23828125
10,proposed_tau_slice,6,7100,0.1028137281537056,0.286661995697063,0.026730038790791857,10.724338893341987,0.9921875
10,proposed,6,7100,0.10199178755283356,0.286661995697063,0.026730038790791857,10.724338893341987,0.9921875
10,oracle_sync,6,7100,0.10167236626148224,0.286661995697063,0.0,2866619956.97063,1.0
10,random_init,7,8100,0.40200603008270264,0.3106907542763206,1.915445431875158,0.16220287411474013,0.0234375
10,proposed_no_update,7,8100,0.15461020171642303,0.3106907542763206,0.3106907542763206,0.9999999996781365,0.21484375
10,proposed_tau_slice,7,8100,0.09323934465646744,0.3106907542763206,0.07551965039333725,4.114038561443441,0.9765625
10,proposed,7,8100,0.09280192852020264,0.3106907542763206,0.07551965039333725,4.114038561443441,0.9765625
10,oracle_sync,7,8100,0.08977864682674408,0.3106907542763206,0.0,3106907542.763206,1.0
10,random_init,8,9100,0.37929487228393555,0.3069302431357254,2.0138860244005126,0.15240695819012437,0.05859375
10,proposed_no_update,8,9100,0.16228842735290527,0.3069302431357254,0.3069302431357254,0.9999999996741931,0.265625
10,proposed_tau_slice,8,9100,0.09533285349607468,0.3069302431357254,0.030265507228107908,10.141255516000419,0.98828125
10,proposed,8,9100,0.09605509787797928,0.3069302431357254,0.030265507228107908,10.141255516000419,0.98828125
10,oracle_sync,8,9100,0.09596354514360428,0.3069302431357254,0.0,3069302431.357254,1.0
10,random_init,9,10100,0.4130289852619171,0.309342267097845,2.0101582743546627,0.1538895076218646,0.03125
10,proposed_no_update,9,10100,0.16915690898895264,0.309342267097845,0.309342267097845,0.9999999996767335,0.24609375
10,proposed_tau_slice,9,10100,0.10220947861671448,0.309342267097845,0.030368940588188606,10.18613952570817,0.98828125
10,proposed,9,10100,0.10410156846046448,0.309342267097845,0.030368940588188606,10.18613952570817,0.98828125
10,oracle_sync,9,10100,0.10357056558132172,0.309342267097845,0.0,3093422670.97845,1.0
15,random_init,0,1150,0.40154218673706055,0.317959835509285,2.037551757557356,0.15604994293487517,0.03515625
15,proposed_no_update,0,1150,0.16180624067783356,0.317959835509285,0.317959835509285,0.9999999996854948,0.2578125
15,proposed_tau_slice,0,1150,0.09427287429571152,0.317959835509285,0.09116779042046919,3.4876334470110475,0.984375
15,proposed,0,1150,0.09590454399585724,0.317959835509285,0.09116779042046919,3.4876334470110475,0.984375
15,oracle_sync,0,1150,0.09304606914520264,0.317959835509285,0.0,3179598355.09285,1.0
15,random_init,1,2150,0.40213626623153687,0.3009111154242014,1.9894368568788239,0.1512544187409736,0.0546875
15,proposed_no_update,1,2150,0.18313193321228027,0.3009111154242014,0.3009111154242014,0.9999999996676759,0.3046875
15,proposed_tau_slice,1,2150,0.12820842862129211,0.3009111154242014,0.03881215645021718,7.753011998569751,0.9765625
15,proposed,1,2150,0.13048096001148224,0.3009111154242014,0.03881215645021718,7.753011998569751,0.9765625
15,oracle_sync,1,2150,0.12988892197608948,0.3009111154242014,0.0,3009111154.242014,1.0
15,random_init,2,3150,0.39217936992645264,0.30530595045099285,1.791527961525889,0.170416514277519,0.04296875
15,proposed_no_update,2,3150,0.17348837852478027,0.30530595045099285,0.30530595045099285,0.9999999996724597,0.2578125
15,proposed_tau_slice,2,3150,0.1220194548368454,0.30530595045099285,0.056405532521592625,5.412695107396584,0.98046875
15,proposed,2,3150,0.12069296091794968,0.30530595045099285,0.056405532521592625,5.412695107396584,0.98046875
15,oracle_sync,2,3150,0.11830241233110428,0.30530595045099285,0.0,3053059504.509928,1.0
15,random_init,3,4150,0.4159444272518158,0.2909270312328301,2.0573790836840806,0.14140662434350018,0.03125
15,proposed_no_update,3,4150,0.1728515774011612,0.2909270312328301,0.2909270312328301,0.9999999996562712,0.296875
15,proposed_tau_slice,3,4150,0.1167806014418602,0.2909270312328301,0.02608584329981209,11.152678745089982,0.984375
15,proposed,3,4150,0.11843262612819672,0.2909270312328301,0.02608584329981209,11.152678745089982,0.984375
15,oracle_sync,3,4150,0.11819865554571152,0.2909270312328301,0.0,2909270312.328301,1.0
15,random_init,4,5150,0.4046427607536316,0.2940678874512671,2.0200435183553838,0.14557502586683116,0.05859375
15,proposed_no_update,4,5150,0.1609700620174408,0.2940678874512671,0.2940678874512671,0.9999999996599425,0.2421875
15,proposed_tau_slice,4,5150,0.1045023649930954,0.2940678874512671,0.0271474853961229,10.832232970278767,0.99609375
15,proposed,4,5150,0.10496826469898224,0.2940678874512671,0.0271474853961229,10.832232970278767,0.99609375
15,oracle_sync,4,5150,0.1045634001493454,0.2940678874512671,0.0,2940678874.512671,1.0
15,random_init,5,6150,0.4128011167049408,0.3033371319786166,1.9755269598824183,0.15354745246367899,0.0390625
15,proposed_no_update,5,6150,0.16832073032855988,0.3033371319786166,0.3033371319786166,0.9999999996703338,0.265625
15,proposed_tau_slice,5,6150,0.11146850883960724,0.3033371319786166,0.031161979343620496,9.734206151038201,0.96875
15,proposed,5,6150,0.1105550155043602,0.3033371319786166,0.031161979343620496,9.734206151038201,0.96875
15,oracle_sync,5,6150,0.10979004204273224,0.3033371319786166,0.0,3033371319.786166,1.0
15,random_init,6,7150,0.4125366508960724,0.311588908054596,1.848415917869796,0.1685707772939053,0.0234375
15,proposed_no_update,6,7150,0.16989339888095856,0.311588908054596,0.311588908054596,0.9999999996790643,0.2578125
15,proposed_tau_slice,6,7150,0.10584310442209244,0.311588908054596,0.0261547663595313,11.913274337077745,0.98828125
15,proposed,6,7150,0.1049804762005806,0.311588908054596,0.0261547663595313,11.913274337077745,0.98828125
15,oracle_sync,6,7150,0.10439249873161316,0.311588908054596,0.0,3115889080.54596,1.0
15,random_init,7,8150,0.4034668207168579,0.3115666707451389,1.9467873599647731,0.16004144938293235,0.0390625
15,proposed_no_update,7,8150,0.16712647676467896,0.3115666707451389,0.3115666707451389,0.9999999996790414,0.2109375
15,proposed_tau_slice,7,8150,0.10595297068357468,0.3115666707451389,0.027703322294149315,11.246545317284358,0.99609375
15,proposed,7,8150,0.10686442255973816,0.3115666707451389,0.027703322294149315,11.246545317284358,0.99609375
15,oracle_sync,7,8150,0.10677286982536316,0.3115666707451389,0.0,3115666707.451389,1.0
15,random_init,8,9150,0.4125203788280487,0.3076419098766513,1.9932607613808713,0.15434102543015601,0.02734375
15,proposed_no_update,8,9150,0.16935425996780396,0.3076419098766513,0.3076419098766513,0.9999999996749467,0.22265625
15,proposed_tau_slice,8,9150,0.11008301377296448,0.3076419098766513,0.04629903902976558,6.644671588418966,0.984375
15,proposed,8,9150,0.11190389841794968,0.3076419098766513,0.04629903902976558,6.644671588418966,0.984375
15,oracle_sync,8,9150,0.11026611924171448,0.3076419098766513,0.0,3076419098.766513,1.0
15,random_init,9,10150,0.38915205001831055,0.2891499654008331,1.929002133927973,0.1498961355719475,0.06640625
15,proposed_no_update,9,10150,0.1598612517118454,0.2891499654008331,0.2891499654008331,0.9999999996541586,0.3046875
15,proposed_tau_slice,9,10150,0.1111653670668602,0.2891499654008331,0.08361290138499779,3.4581979606665576,0.98046875
15,proposed,9,10150,0.11030477285385132,0.2891499654008331,0.08361290138499779,3.4581979606665576,0.98046875
15,oracle_sync,9,10150,0.10854696482419968,0.2891499654008331,0.0,2891499654.008331,1.0
20,random_init,0,1200,0.4006042778491974,0.3160135675974447,2.07395063625903,0.1523727527826937,0.03515625
20,proposed_no_update,0,1200,0.17990520596504211,0.3160135675974447,0.3160135675974447,0.9999999996835579,0.26171875
20,proposed_tau_slice,0,1200,0.12035726755857468,0.3160135675974447,0.025264474113355487,12.508218652355383,0.98828125
20,proposed,0,1200,0.12029623240232468,0.3160135675974447,0.025264474113355487,12.508218652355383,0.98828125
20,oracle_sync,0,1200,0.12012533098459244,0.3160135675974447,0.0,3160135675.974447,1.0
20,random_init,1,2200,0.39540815353393555,0.31429241340856573,1.9625863756382937,0.1601419521167999,0.04296875
20,proposed_no_update,1,2200,0.17192994058132172,0.31429241340856573,0.31429241340856573,0.999999999681825,0.2578125
20,proposed_tau_slice,1,2200,0.11600342392921448,0.31429241340856573,0.03337610832829527,9.416688410027994,0.984375
20,proposed,1,2200,0.11541545391082764,0.31429241340856573,0.03337610832829527,9.416688410027994,0.984375
20,oracle_sync,1,2200,0.11496582627296448,0.31429241340856573,0.0,3142924134.085657,1.0
20,random_init,2,3200,0.40637412667274475,0.29181859119517833,1.9894990212231396,0.14667943440409484,0.05078125
20,proposed_no_update,2,3200,0.15961915254592896,0.29181859119517833,0.29181859119517833,0.9999999996573213,0.2265625
20,proposed_tau_slice,2,3200,0.1076253280043602,0.29181859119517833,0.02539771350712553,11.489955186883684,0.984375
20,proposed,2,3200,0.1069742888212204,0.29181859119517833,0.02539771350712553,11.489955186883684,0.984375
20,oracle_sync,2,3200,0.10654907673597336,0.29181859119517833,0.0,2918185911.951783,1.0
20,random_init,3,4200,0.41669315099716187,0.31008164625474927,1.9373497525991472,0.16005455175181377,0.03125
20,proposed_no_update,3,4200,0.16368001699447632,0.31008164625474927,0.31008164625474927,0.9999999996775043,0.26953125
20,proposed_tau_slice,3,4200,0.09823202341794968,0.31008164625474927,0.026884785640228635,11.533722055696481,0.984375
20,proposed,3,4200,0.09909668564796448,0.31008164625474927,0.026884785640228635,11.533722055696481,0.984375
20,oracle_sync,3,4200,0.09864909201860428,0.31008164625474927,0.0,3100816462.5474925,1.0
20,random_init,4,5200,0.40815025568008423,0.283032180037806,2.0492934943545698,0.1381120765784388,0.0234375
20,proposed_no_update,4,5200,0.16273804008960724,0.283032180037806,0.283032180037806,0.9999999996466833,0.26171875
20,proposed_tau_slice,4,5200,0.1162312850356102,0.283032180037806,0.02204461204363653,12.839063721949264,0.9921875
20,proposed,4,5200,0.11567586660385132,0.283032180037806,0.02204461204363653,12.839063721949264,0.9921875
20,oracle_sync,4,5200,0.11539917439222336,0.283032180037806,0.0,2830321800.37806,1.0
20,random_init,5,6200,0.4017639458179474,0.30780701630483925,1.9450685586599288,0.15824995726684332,0.05859375
20,proposed_no_update,5,6200,0.17505086958408356,0.30780701630483925,0.30780701630483925,0.9999999996751211,0.1953125
20,proposed_tau_slice,5,6200,0.12057902663946152,0.30780701630483925,0.07928152416613822,3.8824558326044465,0.9921875
20,proposed,5,6200,0.12156372517347336,0.30780701630483925,0.07928152416613822,3.8824558326044465,0.9921875
20,oracle_sync,5,6200,0.1200154721736908,0.30780701630483925,0.0,3078070163.0483923,1.0
20,random_init,6,7200,0.4109029471874237,0.31296572198633327,1.9703423592966587,0.15883824478207276,0.0390625
20,proposed_no_update,6,7200,0.17168375849723816,0.31296572198633327,0.31296572198633327,0.9999999996804761,0.25
20,proposed_tau_slice,6,7200,0.1107076033949852,0.31296572198633327,0.02741299191766117,11.416693288521774,0.98828125
20,proposed,6,7200,0.1095377653837204,0.31296572198633327,0.02741299191766117,11.416693288521774,0.98828125
20,oracle_sync,6,7200,0.10912679880857468,0.31296572198633327,0.0,3129657219.8633327,1.0
20,random_init,7,8200,0.39423424005508423,0.311720410336455,1.9567961907230091,0.15930141922718505,0.0390625
20,proposed_no_update,7,8200,0.1701863706111908,0.311720410336455,0.311720410336455,0.9999999996791997,0.24609375
20,proposed_tau_slice,7,8200,0.1040039137005806,0.311720410336455,0.031191759039849297,9.993678424446857,0.98046875
20,proposed,7,8200,0.10519206523895264,0.311720410336455,0.031191759039849297,9.993678424446857,0.98046875
20,oracle_sync,7,8200,0.10486450791358948,0.311720410336455,0.0,3117204103.3645496,1.0
20,random_init,8,9200,0.40828657150268555,0.323959510852359,2.0981631789190245,0.15440148511414784,0.03125
20,proposed_no_update,8,9200,0.17498169839382172,0.323959510852359,0.323959510852359,0.9999999996913195,0.21875
20,proposed_tau_slice,8,9200,0.11808472126722336,0.323959510852359,0.10177801195286604,3.183000967675478,0.98046875
20,proposed,8,9200,0.11766154319047928,0.323959510852359,0.10177801195286604,3.183000967675478,0.98046875
20,oracle_sync,8,9200,0.11465658247470856,0.323959510852359,0.0,3239595108.52359,1.0
20,random_init,9,10200,0.3941141963005066,0.29342737216881926,1.9655060582656472,0.14928845979381478,0.05078125
20,proposed_no_update,9,10200,0.18889160454273224,0.29342737216881926,0.29342737216881926,0.9999999996592002,0.27734375
20,proposed_tau_slice,9,10200,0.14566244184970856,0.29342737216881926,0.08295802822010793,3.53705817400311,0.98046875
20,proposed,9,10200,0.1434224545955658,0.29342737216881926,0.08295802822010793,3.53705817400311,0.98046875
20,oracle_sync,9,10200,0.14219768345355988,0.29342737216881926,0.0,2934273721.6881924,1.0
25,random_init,0,1250,0.40030112862586975,0.3113872009408701,1.7822828834201894,0.17471255759683266,0.02734375
25,proposed_no_update,0,1250,0.1816202849149704,0.3113872009408701,0.3113872009408701,0.9999999996788564,0.29296875
25,proposed_tau_slice,0,1250,0.12790732085704803,0.3113872009408701,0.025682193911521635,12.124633931243354,0.99609375
25,proposed,0,1250,0.12680257856845856,0.3113872009408701,0.025682193911521635,12.124633931243354,0.99609375
25,oracle_sync,0,1250,0.1268208920955658,0.3113872009408701,0.0,3113872009.4087005,1.0
25,random_init,1,2250,0.39800214767456055,0.3177265862303317,1.9137661031265059,0.16602163958002072,0.01953125
25,proposed_no_update,1,2250,0.16695557534694672,0.3177265862303317,0.3177265862303317,0.999999999685264,0.1875
25,proposed_tau_slice,1,2250,0.10348104685544968,0.3177265862303317,0.08840892361713547,3.5938293655389195,0.98046875
25,proposed,1,2250,0.10407308489084244,0.3177265862303317,0.08840892361713547,3.5938293655389195,0.98046875
25,oracle_sync,1,2250,0.10246989130973816,0.3177265862303317,0.0,3177265862.3033166,1.0
25,random_init,2,3250,0.4027140438556671,0.3017385273313241,1.9974169185500135,0.15106436944334034,0.05078125
25,proposed_no_update,2,3250,0.15851238369941711,0.3017385273313241,0.3017385273313241,0.9999999996685872,0.25
25,proposed_tau_slice,2,3250,0.10538940876722336,0.3017385273313241,0.02759028425984735,10.936405127105168,0.9921875
25,proposed,2,3250,0.10542399436235428,0.3017385273313241,0.02759028425984735,10.936405127105168,0.9921875
25,oracle_sync,2,3250,0.10512899607419968,0.3017385273313241,0.0,3017385273.313241,1.0
25,random_init,3,4250,0.4022257626056671,0.3171949233081728,1.9076471920904703,0.1662754646701476,0.046875
25,proposed_no_update,3,4250,0.17586059868335724,0.3171949233081728,0.3171949233081728,0.9999999996847364,0.2421875
25,proposed_tau_slice,3,4250,0.11515910178422928,0.3171949233081728,0.07648471189033385,4.147167650291472,0.984375
25,proposed,3,4250,0.11522013694047928,0.3171949233081728,0.07648471189033385,4.147167650291472,0.984375
25,oracle_sync,3,4250,0.11278076469898224,0.3171949233081728,0.0,3171949233.0817275,1.0
25,random_init,4,5250,0.3977600336074829,0.30470002354163767,2.0783082251210785,0.14660964136309734,0.0625
25,proposed_no_update,4,5250,0.16577759385108948,0.30470002354163767,0.30470002354163767,0.9999999996718083,0.25
25,proposed_tau_slice,4,5250,0.10740356892347336,0.30470002354163767,0.026708790806826695,11.40822976991284,0.98828125
25,proposed,4,5250,0.10814820230007172,0.30470002354163767,0.026708790806826695,11.40822976991284,0.98828125
25,oracle_sync,4,5250,0.10796713083982468,0.30470002354163767,0.0,3047000235.4163766,1.0
25,random_init,5,6250,0.3999979794025421,0.29480055251947046,1.8860722622600075,0.15630395420300172,0.08203125
25,proposed_no_update,5,6250,0.16922201216220856,0.29480055251947046,0.29480055251947046,0.9999999996607876,0.28125
25,proposed_tau_slice,5,6250,0.11564738303422928,0.29480055251947046,0.0329893621301751,8.936230729850811,0.99609375
25,proposed,5,6250,0.11570435017347336,0.29480055251947046,0.0329893621301751,8.936230729850811,0.99609375
25,oracle_sync,5,6250,0.11488444358110428,0.29480055251947046,0.0,2948005525.1947045,1.0
25,random_init,6,7250,0.41319990158081055,0.2662913145650948,1.984562691797369,0.1341813567554791,0.02734375
25,proposed_no_update,6,7250,0.1689656674861908,0.2662913145650948,0.2662913145650948,0.9999999996244714,0.24609375
25,proposed_tau_slice,6,7250,0.12178955972194672,0.2662913145650948,0.017244520505036123,15.442082773082515,0.99609375
25,proposed,6,7250,0.12346802651882172,0.2662913145650948,0.017244520505036123,15.442082773082515,0.99609375
25,oracle_sync,6,7250,0.12337647378444672,0.2662913145650948,0.0,2662913145.650948,1.0
25,random_init,7,8250,0.40550336241722107,0.301020174322522,2.0751817407401685,0.14505725855155677,0.046875
25,proposed_no_update,7,8250,0.17326660454273224,0.301020174322522,0.301020174322522,0.9999999996677963,0.265625
25,proposed_tau_slice,7,8250,0.12197469919919968,0.301020174322522,0.025965562969088366,11.593053981597734,0.99609375
25,proposed,7,8250,0.12204793840646744,0.301020174322522,0.025965562969088366,11.593053981597734,0.99609375
25,oracle_sync,7,8250,0.1218261793255806,0.301020174322522,0.0,3010201743.2252197,1.0
25,random_init,8,9250,0.4133545160293579,0.3128789688463365,2.001831649142845,0.1562963443827442,0.04296875
25,proposed_no_update,8,9250,0.17114055156707764,0.3128789688463365,0.3128789688463365,0.9999999996803876,0.23828125
25,proposed_tau_slice,8,9250,0.10883789509534836,0.3128789688463365,0.030264387165975012,10.3381894401706,0.98828125
25,proposed,8,9250,0.10966390371322632,0.3128789688463365,0.030264387165975012,10.3381894401706,0.98828125
25,oracle_sync,8,9250,0.10918986797332764,0.3128789688463365,0.0,3128789688.4633646,1.0
25,random_init,9,10250,0.41492313146591187,0.29132806254067295,2.1477251344811807,0.13564494722807427,0.0234375
25,proposed_no_update,9,10250,0.16346436738967896,0.29132806254067295,0.29132806254067295,0.9999999996567444,0.3046875
25,proposed_tau_slice,9,10250,0.11120199412107468,0.29132806254067295,0.021457965554771065,13.576686030154852,0.9921875
25,proposed,9,10250,0.11070556938648224,0.29132806254067295,0.021457965554771065,13.576686030154852,0.9921875
25,oracle_sync,9,10250,0.11053670942783356,0.29132806254067295,0.0,2913280625.406729,1.0
